customer_id,customer_name,county,city,loyalty_tier,channel_preference,customer_type,signup_date
1,James Quinn,Kildare,Newbridge,Bronze,Online,Retail Customer,2021-02-15
2,Ella Smith,Galway,Galway,Bronze,Online,Retail Customer,2021-01-09
3,Isla Ryan,Kilkenny,Kilkenny,Bronze,Online,Retail Customer,2024-11-08
4,Ava Lynch,Dublin,Swords,Gold,Online,Retail Customer,2022-12-17
5,Mia Walsh,Waterford,Waterford,Gold,Online,Retail Customer,2021-04-15
6,Ciara Gallagher,Meath,Navan,Platinum,Online,Retail Customer,2024-05-08
7,Chloe Ryan,Kilkenny,Kilkenny,Platinum,Online,Distributor,2024-10-25
8,Ava Smith,Wicklow,Bray,Silver,Mixed,Retail Customer,2021-03-28
9,Finn Murray,Dublin,Tallaght,Silver,Mixed,Retail Customer,2024-02-24
10,Chloe Murphy,Wicklow,Wicklow,Bronze,Online,Retail Customer,2024-01-23
11,Amelia Murphy,Dublin,Swords,Bronze,Store,Retail Customer,2022-07-20
12,Sophie McCarthy,Dublin,Dublin,Silver,Mixed,Retail Customer,2024-04-09
13,Daniel Byrne,Dublin,Tallaght,Bronze,Online,Retail Customer,2020-02-13
14,Amelia Byrne,Meath,Navan,Silver,Online,Retail Customer,2023-06-15
15,Finn Moore,Meath,Navan,Bronze,Store,Retail Customer,2024-07-05
16,Emily Smith,Wicklow,Wicklow,Silver,Store,Retail Customer,2025-03-15
17,Rían Reilly,Clare,Ennis,Gold,Mixed,Retail Customer,2025-11-25
18,Aoife Kennedy,Kildare,Newbridge,Platinum,Online,Retail Customer,2024-08-21
19,Ava Murray,Waterford,Waterford,Silver,Mixed,Retail Customer,2020-01-25
20,Jack McCarthy,Cork,Cork,Bronze,Online,Retail Customer,2020-04-13
21,Grace Murphy,Wicklow,Bray,Bronze,Store,Wholesale Partner,2020-07-02
22,Daniel McCarthy,Dublin,Dublin,Gold,Online,Retail Customer,2020-03-22
23,Aoife Kelly,Cork,Cork,Gold,Mixed,Retail Customer,2025-05-31
24,Noah Lynch,Dublin,Tallaght,Gold,Online,Retail Customer,2023-05-06
25,Conor Gallagher,Kilkenny,Kilkenny,Silver,Store,Retail Customer,2025-08-26
26,Rían Reilly,Dublin,Tallaght,Silver,Online,Wholesale Partner,2020-05-14
27,Daniel Nolan,Waterford,Waterford,Gold,Store,Retail Customer,2020-06-29
28,Amelia Dunne,Cork,Cork,Silver,Store,Wholesale Partner,2025-04-02
29,Jack Dunne,Limerick,Limerick,Platinum,Mixed,Retail Customer,2023-11-21
30,Mia Fitzgerald,Clare,Ennis,Gold,Online,Retail Customer,2021-09-11
31,Isla Ryan,Dublin,Swords,Silver,Mixed,Retail Customer,2024-12-18
32,Ciara Lynch,Dublin,Dublin,Bronze,Mixed,Retail Customer,2023-01-12
33,Rían Doyle,Meath,Trim,Silver,Store,Retail Customer,2024-08-14
34,Finn Dunne,Dublin,Swords,Gold,Mixed,Retail Customer,2020-11-16
35,Ella McCarthy,Dublin,Swords,Silver,Mixed,Retail Customer,2021-12-11
36,Sarah Ryan,Dublin,Tallaght,Bronze,Mixed,Retail Customer,2023-07-09
37,Sarah Murphy,Dublin,Dublin,Silver,Online,Retail Customer,2025-01-05
38,Cillian Dunne,Waterford,Waterford,Silver,Online,Retail Customer,2022-06-19
39,Rían Quinn,Dublin,Dublin,Gold,Store,Retail Customer,2025-12-14
40,Lucy Murphy,Kildare,Naas,Gold,Mixed,Retail Customer,2023-09-30
41,Ella Kennedy,Kildare,Newbridge,Gold,Online,Retail Customer,2022-01-06
42,Ciara Reilly,Kilkenny,Kilkenny,Gold,Mixed,Wholesale Partner,2021-10-25
43,Finn Doyle,Galway,Galway,Bronze,Online,Retail Customer,2023-05-27
44,Noah Nolan,Clare,Ennis,Platinum,Mixed,Retail Customer,2023-12-01
45,Ciara Lynch,Dublin,Dublin,Silver,Online,Retail Customer,2022-06-17
46,Daniel Moore,Meath,Navan,Gold,Online,Retail Customer,2023-02-25
47,Noah Smith,Dublin,Dublin,Silver,Mixed,Wholesale Partner,2023-11-02
48,James Healy,Dublin,Tallaght,Bronze,Mixed,Retail Customer,2025-01-18
49,Conor Quinn,Dublin,Tallaght,Bronze,Mixed,Retail Customer,2022-01-22
50,Conor Nolan,Wicklow,Bray,Silver,Online,Wholesale Partner,2024-02-24
51,Michael Byrne,Kildare,Newbridge,Silver,Store,Retail Customer,2025-03-30
52,Daniel Nolan,Meath,Trim,Silver,Mixed,Retail Customer,2025-05-23
53,Emily Doyle,Kilkenny,Kilkenny,Gold,Store,Retail Customer,2024-06-22
54,Conor Gallagher,Kildare,Kildare,Bronze,Online,Retail Customer,2023-02-20
55,Isla Kennedy,Waterford,Waterford,Bronze,Online,Retail Customer,2020-05-15
56,James Murphy,Waterford,Waterford,Silver,Store,Retail Customer,2023-06-22
57,James Reilly,Cork,Cork,Gold,Store,Retail Customer,2025-12-06
58,Finn Murray,Dublin,Dublin,Silver,Store,Retail Customer,2022-12-22
59,Anna Kennedy,Dublin,Swords,Gold,Mixed,Retail Customer,2022-10-28
60,Sarah Kennedy,Wicklow,Bray,Gold,Store,Retail Customer,2025-08-21
61,Isla Reilly,Galway,Galway,Bronze,Mixed,Retail Customer,2023-09-08
62,Finn Gallagher,Dublin,Dublin,Silver,Online,Retail Customer,2020-09-30
63,Ciara Reilly,Dublin,Swords,Bronze,Online,Retail Customer,2021-09-11
64,Sophie Healy,Cork,Cork,Silver,Online,Retail Customer,2024-09-24
65,Rían Gallagher,Meath,Trim,Silver,Mixed,Distributor,2020-12-09
66,Emily Kelly,Dublin,Tallaght,Silver,Online,Retail Customer,2022-11-26
67,Mia Gallagher,Dublin,Dublin,Bronze,Store,Retail Customer,2024-11-06
68,Grace O'Brien,Kilkenny,Kilkenny,Bronze,Online,Retail Customer,2022-03-28
69,Cillian Fitzgerald,Meath,Trim,Gold,Mixed,Retail Customer,2021-04-13
70,Sarah Murphy,Dublin,Dublin,Gold,Online,Retail Customer,2022-06-21
71,Aoife O'Brien,Meath,Navan,Silver,Online,Retail Customer,2024-05-10
72,Anna Nolan,Meath,Navan,Platinum,Mixed,Retail Customer,2020-06-11
73,Mia O'Brien,Dublin,Swords,Silver,Mixed,Retail Customer,2023-01-21
74,Anna Kelly,Limerick,Limerick,Silver,Mixed,Retail Customer,2023-10-01
75,Isla McCarthy,Kilkenny,Kilkenny,Bronze,Online,Retail Customer,2020-12-27
76,Anna Reilly,Kildare,Newbridge,Silver,Online,Retail Customer,2022-07-03
77,Ciara O'Brien,Cork,Cork,Gold,Store,Retail Customer,2023-04-10
78,Cillian Dunne,Dublin,Dublin,Bronze,Online,Retail Customer,2024-06-13
79,Ciara Lynch,Kildare,Newbridge,Bronze,Online,Retail Customer,2023-05-28
80,Ciara McCarthy,Galway,Galway,Bronze,Mixed,Retail Customer,2021-02-06
81,Aoife Ryan,Kildare,Kildare,Silver,Online,Wholesale Partner,2025-12-15
82,Amelia McCarthy,Cork,Cork,Silver,Mixed,Retail Customer,2025-08-18
83,Anna Kennedy,Cork,Cork,Bronze,Mixed,Retail Customer,2025-07-13
84,Liam Doyle,Kildare,Naas,Gold,Online,Retail Customer,2025-11-16
85,Emily Byrne,Galway,Galway,Platinum,Mixed,Retail Customer,2021-08-09
86,Ava Smith,Kildare,Newbridge,Silver,Store,Wholesale Partner,2023-09-26
87,Sarah Lynch,Dublin,Dublin,Bronze,Store,Retail Customer,2023-12-14
88,Emily Walsh,Wicklow,Wicklow,Bronze,Online,Retail Customer,2022-12-16
89,Noah Ryan,Wicklow,Wicklow,Silver,Online,Retail Customer,2025-04-24
90,Anna Lynch,Kildare,Newbridge,Gold,Online,Retail Customer,2023-01-07
91,Chloe Ryan,Kildare,Newbridge,Bronze,Mixed,Retail Customer,2020-12-23
92,Rían Gallagher,Dublin,Tallaght,Platinum,Online,Retail Customer,2020-04-14
93,Mia Murphy,Meath,Navan,Bronze,Mixed,Retail Customer,2021-09-25
94,Anna Dunne,Dublin,Tallaght,Gold,Store,Retail Customer,2022-10-24
95,Grace Healy,Limerick,Limerick,Gold,Mixed,Retail Customer,2024-08-06
96,Ciara Kennedy,Meath,Trim,Gold,Store,Distributor,2023-11-10
97,Isla Dunne,Limerick,Limerick,Silver,Online,Distributor,2020-11-22
98,Aoife Kennedy,Meath,Navan,Silver,Online,Retail Customer,2020-09-27
99,Rían Dunne,Kilkenny,Kilkenny,Silver,Online,Retail Customer,2025-12-03
100,Isla Walsh,Wicklow,Wicklow,Bronze,Mixed,Distributor,2020-12-02
101,Lucy Reilly,Dublin,Swords,Gold,Mixed,Retail Customer,2022-05-27
102,Sophie Doyle,Kildare,Newbridge,Bronze,Mixed,Retail Customer,2024-08-05
103,Michael Lynch,Waterford,Waterford,Silver,Store,Retail Customer,2021-05-12
104,Ella Doyle,Meath,Trim,Gold,Online,Retail Customer,2020-05-21
105,Ciara Walsh,Kilkenny,Kilkenny,Silver,Mixed,Retail Customer,2024-12-27
106,Sophie Smith,Kilkenny,Kilkenny,Bronze,Store,Wholesale Partner,2020-03-23
107,James McCarthy,Kilkenny,Kilkenny,Bronze,Online,Retail Customer,2022-11-23
108,Conor Doyle,Dublin,Dublin,Bronze,Online,Retail Customer,2021-01-09
109,Noah McCarthy,Waterford,Waterford,Platinum,Online,Retail Customer,2023-08-31
110,Ella Dunne,Kilkenny,Kilkenny,Bronze,Online,Retail Customer,2022-12-14
111,Aoife Quinn,Waterford,Waterford,Platinum,Mixed,Retail Customer,2023-01-24
112,Conor O'Brien,Kilkenny,Kilkenny,Gold,Online,Retail Customer,2025-09-24
113,Jack Dunne,Cork,Cork,Bronze,Mixed,Retail Customer,2023-08-15
114,Aoife Smith,Waterford,Waterford,Bronze,Online,Distributor,2021-04-08
115,Sarah McCarthy,Dublin,Swords,Silver,Online,Wholesale Partner,2024-12-11
116,Finn Fitzgerald,Kilkenny,Kilkenny,Bronze,Store,Distributor,2021-04-02
117,Ella Healy,Clare,Ennis,Platinum,Online,Retail Customer,2025-09-20
118,Sarah Fitzgerald,Dublin,Tallaght,Gold,Online,Retail Customer,2023-06-12
119,Amelia Fitzgerald,Galway,Galway,Silver,Store,Retail Customer,2025-11-15
120,Ava Gallagher,Meath,Trim,Bronze,Online,Retail Customer,2022-09-09
121,Ava McCarthy,Galway,Galway,Gold,Online,Retail Customer,2024-04-19
122,James Kennedy,Cork,Cork,Bronze,Online,Retail Customer,2023-05-29
123,Grace Lynch,Meath,Navan,Bronze,Online,Retail Customer,2021-02-27
124,Finn O'Brien,Cork,Cork,Platinum,Mixed,Retail Customer,2024-12-10
125,Aoife O'Brien,Clare,Ennis,Gold,Online,Wholesale Partner,2023-12-11
126,James Dunne,Kildare,Naas,Silver,Online,Retail Customer,2025-05-01
127,Sarah Fitzgerald,Kildare,Kildare,Gold,Mixed,Retail Customer,2022-04-02
128,Rían Dunne,Kildare,Newbridge,Silver,Store,Retail Customer,2024-07-20
129,Aoife Murphy,Wicklow,Wicklow,Bronze,Online,Retail Customer,2024-06-08
130,Amelia Murphy,Limerick,Limerick,Bronze,Online,Retail Customer,2021-11-08
131,Lucy Dunne,Meath,Navan,Platinum,Online,Wholesale Partner,2022-03-10
132,Amelia McCarthy,Galway,Galway,Silver,Mixed,Retail Customer,2025-12-16
133,Amelia Murphy,Kildare,Naas,Silver,Online,Retail Customer,2024-07-20
134,Isla Quinn,Clare,Ennis,Bronze,Online,Retail Customer,2022-12-05
135,Ella O'Brien,Wicklow,Bray,Gold,Store,Retail Customer,2021-07-25
136,Lucy Nolan,Wicklow,Bray,Gold,Online,Wholesale Partner,2023-10-22
137,James Dunne,Dublin,Swords,Bronze,Mixed,Retail Customer,2023-01-29
138,Cillian Kelly,Galway,Galway,Bronze,Mixed,Retail Customer,2022-09-03
139,Grace Doyle,Waterford,Waterford,Gold,Online,Retail Customer,2022-12-09
140,Grace Quinn,Galway,Galway,Silver,Mixed,Retail Customer,2021-05-02
141,Emily Byrne,Waterford,Waterford,Silver,Online,Retail Customer,2020-06-20
142,Ciara Reilly,Dublin,Swords,Bronze,Mixed,Retail Customer,2023-06-21
143,Conor Byrne,Kilkenny,Kilkenny,Gold,Online,Retail Customer,2020-07-02
144,Liam McCarthy,Cork,Cork,Bronze,Mixed,Retail Customer,2020-09-22
145,Michael O'Brien,Cork,Cork,Platinum,Online,Retail Customer,2022-11-13
146,Amelia Ryan,Wicklow,Bray,Silver,Online,Retail Customer,2025-06-07
147,Ella Gallagher,Limerick,Limerick,Gold,Mixed,Distributor,2023-01-27
148,Michael Healy,Clare,Ennis,Bronze,Mixed,Retail Customer,2023-01-04
149,Cillian Kennedy,Dublin,Tallaght,Gold,Online,Retail Customer,2020-05-04
150,Liam Kennedy,Wicklow,Wicklow,Gold,Online,Retail Customer,2020-12-04
151,Lucy Doyle,Dublin,Tallaght,Silver,Online,Retail Customer,2021-10-29
152,Aoife McCarthy,Dublin,Tallaght,Gold,Online,Retail Customer,2025-10-16
153,Sophie Healy,Dublin,Tallaght,Silver,Online,Wholesale Partner,2023-07-19
154,Noah Murray,Meath,Trim,Bronze,Mixed,Wholesale Partner,2021-11-03
155,Isla Murray,Dublin,Tallaght,Platinum,Mixed,Retail Customer,2024-09-02
156,Ava Lynch,Dublin,Swords,Bronze,Mixed,Retail Customer,2021-10-01
157,Amelia Ryan,Kildare,Naas,Bronze,Store,Retail Customer,2024-08-18
158,Ava Fitzgerald,Clare,Ennis,Silver,Mixed,Retail Customer,2023-11-25
159,Mia Walsh,Clare,Ennis,Gold,Mixed,Retail Customer,2021-07-02
160,Michael Reilly,Waterford,Waterford,Bronze,Mixed,Retail Customer,2025-01-05
161,Mia Nolan,Galway,Galway,Platinum,Store,Retail Customer,2025-12-28
162,Conor Byrne,Galway,Galway,Bronze,Store,Retail Customer,2021-10-09
163,Conor Fitzgerald,Wicklow,Wicklow,Bronze,Online,Retail Customer,2021-10-29
164,Grace Murphy,Waterford,Waterford,Bronze,Mixed,Retail Customer,2022-05-30
165,Cillian Moore,Cork,Cork,Bronze,Online,Retail Customer,2022-10-18
166,Emily Lynch,Galway,Galway,Silver,Store,Retail Customer,2021-01-06
167,Sarah Murphy,Meath,Navan,Gold,Mixed,Wholesale Partner,2025-01-02
168,James McCarthy,Clare,Ennis,Silver,Online,Retail Customer,2021-02-21
169,Amelia Reilly,Cork,Cork,Bronze,Online,Retail Customer,2022-01-13
170,Ava Moore,Waterford,Waterford,Bronze,Mixed,Wholesale Partner,2021-05-07
171,James Kennedy,Cork,Cork,Silver,Online,Retail Customer,2024-07-08
172,Aoife McCarthy,Galway,Galway,Gold,Online,Retail Customer,2025-06-09
173,Amelia Reilly,Meath,Trim,Silver,Store,Retail Customer,2021-09-20
174,Mia Reilly,Limerick,Limerick,Bronze,Store,Wholesale Partner,2022-08-01
175,Aoife Fitzgerald,Galway,Galway,Gold,Store,Retail Customer,2025-08-14
176,Emily McCarthy,Dublin,Tallaght,Bronze,Mixed,Wholesale Partner,2020-01-16
177,Rían Lynch,Dublin,Tallaght,Gold,Online,Retail Customer,2022-05-25
178,Sarah Walsh,Cork,Cork,Silver,Store,Retail Customer,2024-08-08
179,Ciara Moore,Galway,Galway,Silver,Store,Retail Customer,2020-02-25
180,Jack Doyle,Galway,Galway,Bronze,Online,Retail Customer,2024-09-13
181,Anna Walsh,Galway,Galway,Silver,Store,Retail Customer,2024-06-12
182,Aoife Reilly,Dublin,Swords,Bronze,Online,Retail Customer,2024-08-02
183,Noah Kelly,Meath,Trim,Bronze,Online,Retail Customer,2023-11-05
184,Aoife O'Brien,Kilkenny,Kilkenny,Bronze,Mixed,Distributor,2023-06-12
185,Jack Murphy,Wicklow,Wicklow,Bronze,Online,Retail Customer,2025-11-27
186,Amelia Moore,Waterford,Waterford,Bronze,Online,Retail Customer,2023-03-03
187,Cillian Kelly,Galway,Galway,Gold,Mixed,Retail Customer,2024-07-20
188,Jack Byrne,Kildare,Naas,Gold,Mixed,Retail Customer,2025-11-22
189,James Nolan,Kilkenny,Kilkenny,Gold,Store,Retail Customer,2025-02-19
190,Finn O'Brien,Wicklow,Wicklow,Silver,Store,Retail Customer,2025-11-05
191,James McCarthy,Dublin,Tallaght,Silver,Online,Retail Customer,2025-01-31
192,Mia Healy,Wicklow,Bray,Silver,Online,Retail Customer,2023-03-14
193,Chloe Quinn,Waterford,Waterford,Gold,Online,Retail Customer,2024-08-18
194,Sophie Nolan,Kildare,Naas,Silver,Store,Retail Customer,2021-09-19
195,Daniel Healy,Dublin,Tallaght,Bronze,Mixed,Retail Customer,2024-09-30
196,Ciara Ryan,Cork,Cork,Gold,Online,Retail Customer,2025-02-13
197,Emily Byrne,Dublin,Dublin,Silver,Online,Retail Customer,2024-05-05
198,Cillian Reilly,Dublin,Dublin,Silver,Mixed,Retail Customer,2023-07-12
199,Liam Dunne,Waterford,Waterford,Gold,Online,Distributor,2022-03-20
200,Sophie Kelly,Cork,Cork,Bronze,Mixed,Retail Customer,2022-07-03
201,Aoife Kennedy,Clare,Ennis,Silver,Online,Retail Customer,2021-08-16
202,James McCarthy,Galway,Galway,Bronze,Store,Retail Customer,2025-09-20
203,Mia Ryan,Meath,Navan,Silver,Online,Retail Customer,2025-04-12
204,Ava O'Brien,Galway,Galway,Silver,Mixed,Retail Customer,2021-03-16
205,James Kelly,Dublin,Swords,Silver,Mixed,Retail Customer,2024-08-26
206,Michael Nolan,Galway,Galway,Bronze,Online,Retail Customer,2025-05-09
207,Jack Fitzgerald,Clare,Ennis,Silver,Online,Retail Customer,2023-07-19
208,Aoife Quinn,Galway,Galway,Bronze,Online,Retail Customer,2023-03-06
209,Ella Byrne,Wicklow,Bray,Silver,Online,Retail Customer,2022-05-13
210,Mia Lynch,Wicklow,Wicklow,Platinum,Store,Retail Customer,2022-05-06
211,Liam Byrne,Cork,Cork,Bronze,Store,Retail Customer,2024-05-21
212,Isla Gallagher,Wicklow,Bray,Bronze,Online,Retail Customer,2022-05-04
213,Cillian Moore,Meath,Trim,Platinum,Mixed,Retail Customer,2020-02-12
214,Emily Walsh,Wicklow,Wicklow,Bronze,Store,Retail Customer,2023-07-08
215,Ava Moore,Dublin,Swords,Bronze,Store,Retail Customer,2020-12-19
216,Anna Dunne,Limerick,Limerick,Silver,Online,Retail Customer,2022-07-02
217,Isla Ryan,Dublin,Swords,Gold,Store,Retail Customer,2020-04-10
218,Mia Moore,Galway,Galway,Platinum,Store,Wholesale Partner,2021-12-13
219,Sarah Kelly,Waterford,Waterford,Silver,Store,Retail Customer,2024-06-20
220,Grace Gallagher,Limerick,Limerick,Bronze,Store,Retail Customer,2024-05-05
221,Lucy Smith,Dublin,Tallaght,Platinum,Mixed,Retail Customer,2025-04-07
222,Sarah Fitzgerald,Kildare,Kildare,Gold,Mixed,Retail Customer,2021-12-23
223,Rían Smith,Limerick,Limerick,Platinum,Online,Wholesale Partner,2020-05-23
224,Ava Fitzgerald,Dublin,Dublin,Gold,Online,Retail Customer,2023-04-11
225,Emily Reilly,Dublin,Swords,Bronze,Online,Retail Customer,2022-11-18
226,Ella Moore,Dublin,Dublin,Silver,Online,Retail Customer,2024-08-16
227,Ava Healy,Cork,Cork,Bronze,Online,Retail Customer,2021-06-15
228,Sophie Reilly,Dublin,Tallaght,Silver,Online,Retail Customer,2021-04-09
229,Mia Byrne,Cork,Cork,Silver,Online,Retail Customer,2022-08-06
230,Ella Ryan,Kilkenny,Kilkenny,Gold,Mixed,Retail Customer,2020-09-15
231,Amelia Kennedy,Meath,Trim,Bronze,Store,Retail Customer,2025-05-02
232,Mia Moore,Waterford,Waterford,Silver,Mixed,Retail Customer,2024-03-02
233,Ella Reilly,Dublin,Swords,Gold,Store,Retail Customer,2021-01-10
234,Rían Healy,Meath,Navan,Gold,Online,Wholesale Partner,2024-01-16
235,James Gallagher,Kildare,Naas,Platinum,Online,Wholesale Partner,2025-04-28
236,Chloe Gallagher,Dublin,Swords,Bronze,Online,Retail Customer,2023-02-21
237,Ciara Kennedy,Wicklow,Wicklow,Bronze,Online,Retail Customer,2025-04-30
238,Finn Fitzgerald,Meath,Trim,Silver,Online,Retail Customer,2023-05-23
239,Anna Lynch,Meath,Trim,Bronze,Online,Retail Customer,2023-06-04
240,Ella Lynch,Cork,Cork,Bronze,Online,Retail Customer,2020-11-22
241,Daniel Quinn,Cork,Cork,Platinum,Online,Retail Customer,2020-06-10
242,Noah Lynch,Clare,Ennis,Silver,Online,Retail Customer,2021-11-22
243,Aoife Quinn,Kildare,Newbridge,Bronze,Store,Retail Customer,2024-03-22
244,Ava O'Brien,Waterford,Waterford,Bronze,Online,Retail Customer,2024-11-25
245,Finn Smith,Wicklow,Wicklow,Silver,Mixed,Retail Customer,2020-10-07
246,Jack Fitzgerald,Dublin,Tallaght,Gold,Online,Retail Customer,2025-10-16
247,Ella Murphy,Clare,Ennis,Gold,Mixed,Retail Customer,2023-04-13
248,Mia O'Brien,Dublin,Swords,Bronze,Online,Retail Customer,2024-10-25
249,Emily Lynch,Wicklow,Wicklow,Bronze,Online,Retail Customer,2022-04-23
250,Ava Byrne,Limerick,Limerick,Bronze,Online,Retail Customer,2020-12-08
251,Grace Moore,Meath,Navan,Silver,Store,Retail Customer,2023-05-04
252,Michael Byrne,Cork,Cork,Bronze,Store,Retail Customer,2021-02-16
253,Conor Byrne,Kildare,Kildare,Gold,Store,Distributor,2020-06-17
254,Ava Ryan,Waterford,Waterford,Gold,Store,Retail Customer,2024-02-26
255,Aoife Kennedy,Dublin,Dublin,Bronze,Online,Retail Customer,2022-08-11
256,Grace Kelly,Galway,Galway,Silver,Online,Retail Customer,2024-03-24
257,Anna Dunne,Dublin,Dublin,Silver,Online,Retail Customer,2020-09-11
258,Chloe Dunne,Wicklow,Bray,Silver,Online,Retail Customer,2022-11-17
259,Cillian Walsh,Dublin,Tallaght,Gold,Store,Retail Customer,2021-08-11
260,Lucy Healy,Kilkenny,Kilkenny,Silver,Online,Retail Customer,2020-06-21
261,Amelia Nolan,Dublin,Dublin,Silver,Store,Retail Customer,2023-10-09
262,Ella Gallagher,Waterford,Waterford,Bronze,Store,Retail Customer,2023-04-16
263,Isla Murphy,Waterford,Waterford,Bronze,Store,Retail Customer,2024-11-16
264,Isla Reilly,Dublin,Dublin,Silver,Online,Retail Customer,2020-03-02
265,Ella Murray,Wicklow,Wicklow,Bronze,Store,Retail Customer,2021-01-09
266,Ava Dunne,Clare,Ennis,Bronze,Online,Retail Customer,2022-07-13
267,Ella Kennedy,Cork,Cork,Silver,Mixed,Retail Customer,2020-12-16
268,Amelia Ryan,Cork,Cork,Bronze,Mixed,Retail Customer,2021-11-05
269,Daniel Murray,Wicklow,Wicklow,Silver,Online,Retail Customer,2025-06-04
270,Aoife Kennedy,Dublin,Tallaght,Bronze,Online,Retail Customer,2021-04-28
271,Lucy Gallagher,Dublin,Tallaght,Bronze,Online,Retail Customer,2025-03-08
272,Isla Kelly,Wicklow,Wicklow,Gold,Online,Retail Customer,2021-08-23
273,Sophie McCarthy,Wicklow,Wicklow,Platinum,Mixed,Retail Customer,2023-01-07
274,Conor Doyle,Wicklow,Wicklow,Bronze,Mixed,Retail Customer,2020-05-27
275,Isla O'Brien,Kilkenny,Kilkenny,Silver,Mixed,Retail Customer,2023-05-02
276,Ava Kelly,Galway,Galway,Bronze,Online,Retail Customer,2023-12-02
277,Noah Nolan,Limerick,Limerick,Gold,Online,Distributor,2022-03-04
278,James Kennedy,Limerick,Limerick,Platinum,Store,Retail Customer,2020-03-02
279,Cillian Doyle,Dublin,Tallaght,Platinum,Online,Retail Customer,2022-01-06
280,Anna Smith,Meath,Trim,Gold,Online,Wholesale Partner,2021-09-23
281,Cillian Gallagher,Waterford,Waterford,Bronze,Online,Retail Customer,2023-07-07
282,Ciara Lynch,Dublin,Swords,Silver,Online,Retail Customer,2023-08-21
283,James O'Brien,Cork,Cork,Platinum,Online,Retail Customer,2020-11-01
284,Sarah Murray,Dublin,Swords,Gold,Online,Retail Customer,2020-01-17
285,Liam Gallagher,Meath,Navan,Bronze,Store,Retail Customer,2023-09-05
286,Ella Murray,Kilkenny,Kilkenny,Silver,Store,Retail Customer,2023-04-20
287,Daniel Quinn,Kilkenny,Kilkenny,Bronze,Mixed,Retail Customer,2021-01-09
288,Jack McCarthy,Waterford,Waterford,Bronze,Online,Retail Customer,2021-08-25
289,Michael Reilly,Limerick,Limerick,Bronze,Online,Retail Customer,2020-08-19
290,Ava Byrne,Kilkenny,Kilkenny,Gold,Store,Retail Customer,2025-08-19
291,Aoife Kennedy,Kilkenny,Kilkenny,Gold,Store,Retail Customer,2024-03-07
292,Jack O'Brien,Dublin,Dublin,Silver,Online,Retail Customer,2021-07-30
293,Sophie Moore,Dublin,Dublin,Silver,Store,Retail Customer,2023-06-21
294,Conor Reilly,Dublin,Swords,Silver,Mixed,Retail Customer,2022-08-17
295,Ella Murray,Kilkenny,Kilkenny,Platinum,Online,Retail Customer,2025-12-06
296,Daniel O'Brien,Kildare,Newbridge,Bronze,Online,Retail Customer,2021-08-24
297,Jack Moore,Wicklow,Wicklow,Bronze,Store,Retail Customer,2022-12-19
298,Emily Kelly,Clare,Ennis,Bronze,Mixed,Retail Customer,2023-01-02
299,Rían Fitzgerald,Waterford,Waterford,Bronze,Online,Retail Customer,2022-11-14
300,Anna Ryan,Kilkenny,Kilkenny,Silver,Mixed,Retail Customer,2020-04-19
301,Sarah Murray,Dublin,Swords,Bronze,Online,Retail Customer,2025-03-29
302,Emily Doyle,Dublin,Swords,Gold,Store,Retail Customer,2022-05-14
303,James Doyle,Kilkenny,Kilkenny,Gold,Mixed,Wholesale Partner,2025-01-08
304,Noah Lynch,Cork,Cork,Silver,Mixed,Retail Customer,2021-11-22
305,Daniel Doyle,Dublin,Tallaght,Bronze,Mixed,Retail Customer,2023-08-23
306,Rían Nolan,Cork,Cork,Gold,Mixed,Retail Customer,2021-07-18
307,Grace O'Brien,Wicklow,Bray,Gold,Store,Retail Customer,2020-07-25
308,Emily O'Brien,Dublin,Tallaght,Silver,Mixed,Retail Customer,2021-08-30
309,Emily Walsh,Dublin,Tallaght,Silver,Online,Retail Customer,2023-12-03
310,Liam O'Brien,Dublin,Swords,Silver,Mixed,Retail Customer,2024-11-03
311,Conor Nolan,Limerick,Limerick,Platinum,Mixed,Retail Customer,2025-01-23
312,Cillian Gallagher,Dublin,Dublin,Platinum,Mixed,Retail Customer,2025-10-05
313,Ciara Dunne,Meath,Navan,Bronze,Online,Retail Customer,2021-12-15
314,Ciara Byrne,Waterford,Waterford,Bronze,Online,Retail Customer,2021-12-29
315,Anna Smith,Wicklow,Bray,Platinum,Online,Retail Customer,2025-03-28
316,Ella Smith,Cork,Cork,Silver,Online,Retail Customer,2021-06-16
317,Ciara Smith,Galway,Galway,Gold,Store,Retail Customer,2025-09-16
318,Ava Murphy,Dublin,Swords,Gold,Online,Retail Customer,2025-01-05
319,Lucy Dunne,Kilkenny,Kilkenny,Platinum,Store,Retail Customer,2022-10-29
320,Amelia Fitzgerald,Dublin,Dublin,Gold,Store,Retail Customer,2023-07-04
321,Grace Healy,Dublin,Dublin,Bronze,Store,Retail Customer,2020-02-19
322,Finn Gallagher,Wicklow,Wicklow,Silver,Online,Retail Customer,2020-10-04
323,Lucy Healy,Meath,Trim,Bronze,Mixed,Retail Customer,2021-08-15
324,Ella Smith,Wicklow,Wicklow,Bronze,Mixed,Retail Customer,2020-08-07
325,Jack Ryan,Kilkenny,Kilkenny,Gold,Mixed,Wholesale Partner,2020-04-21
326,Mia Fitzgerald,Cork,Cork,Silver,Online,Distributor,2025-07-30
327,Grace Fitzgerald,Kildare,Naas,Silver,Online,Retail Customer,2021-01-10
328,Ciara Ryan,Limerick,Limerick,Silver,Mixed,Wholesale Partner,2025-11-16
329,Grace Gallagher,Limerick,Limerick,Gold,Online,Retail Customer,2023-12-31
330,Isla Moore,Dublin,Dublin,Gold,Online,Retail Customer,2023-11-02
331,James Byrne,Kildare,Kildare,Bronze,Online,Retail Customer,2021-02-19
332,Ciara Murray,Dublin,Tallaght,Silver,Online,Retail Customer,2024-04-02
333,Noah Nolan,Meath,Trim,Gold,Store,Retail Customer,2024-10-09
334,Isla Ryan,Kildare,Naas,Bronze,Store,Retail Customer,2025-04-20
335,Isla Dunne,Clare,Ennis,Gold,Online,Retail Customer,2020-08-27
336,Sophie Healy,Galway,Galway,Gold,Online,Retail Customer,2020-05-10
337,Jack Nolan,Meath,Navan,Silver,Online,Retail Customer,2024-08-06
338,Finn Moore,Cork,Cork,Silver,Store,Retail Customer,2023-09-27
339,Anna Reilly,Limerick,Limerick,Bronze,Mixed,Retail Customer,2022-10-19
340,Emily Nolan,Cork,Cork,Gold,Store,Retail Customer,2024-01-04
341,Sarah Healy,Wicklow,Bray,Bronze,Mixed,Distributor,2021-05-30
342,Michael Gallagher,Dublin,Dublin,Silver,Mixed,Wholesale Partner,2024-02-27
343,Emily Kennedy,Limerick,Limerick,Bronze,Store,Retail Customer,2020-06-08
344,Liam Walsh,Dublin,Tallaght,Bronze,Online,Retail Customer,2021-09-22
345,Isla Quinn,Dublin,Dublin,Bronze,Store,Retail Customer,2022-05-11
346,Ciara Murphy,Dublin,Tallaght,Gold,Online,Retail Customer,2022-02-06
347,Chloe Doyle,Kildare,Naas,Silver,Store,Retail Customer,2025-05-24
348,Ella Lynch,Dublin,Swords,Bronze,Mixed,Retail Customer,2021-12-24
349,Sophie Lynch,Wicklow,Bray,Bronze,Store,Retail Customer,2022-09-30
350,Noah O'Brien,Dublin,Tallaght,Bronze,Mixed,Retail Customer,2023-01-21
351,Noah Byrne,Galway,Galway,Bronze,Mixed,Retail Customer,2024-07-04
352,Isla Dunne,Waterford,Waterford,Bronze,Mixed,Retail Customer,2022-05-23
353,Mia Gallagher,Cork,Cork,Bronze,Store,Retail Customer,2024-10-01
354,Anna Dunne,Dublin,Swords,Platinum,Mixed,Retail Customer,2021-09-28
355,Isla Nolan,Waterford,Waterford,Silver,Online,Retail Customer,2022-12-30
356,Noah McCarthy,Kildare,Newbridge,Bronze,Mixed,Retail Customer,2023-04-07
357,Noah Murphy,Cork,Cork,Bronze,Online,Retail Customer,2020-06-07
358,Rían O'Brien,Galway,Galway,Bronze,Mixed,Retail Customer,2020-04-05
359,Grace Ryan,Dublin,Swords,Gold,Online,Retail Customer,2022-10-25
360,Ciara Dunne,Dublin,Dublin,Platinum,Mixed,Retail Customer,2025-07-03
361,Lucy Reilly,Clare,Ennis,Platinum,Mixed,Retail Customer,2020-12-15
362,Chloe Reilly,Kilkenny,Kilkenny,Gold,Online,Retail Customer,2021-05-29
363,James Quinn,Clare,Ennis,Silver,Mixed,Retail Customer,2021-10-28
364,Mia Murphy,Waterford,Waterford,Bronze,Online,Retail Customer,2021-08-04
365,Grace Nolan,Kildare,Newbridge,Bronze,Online,Retail Customer,2025-01-29
366,Lucy Dunne,Galway,Galway,Bronze,Mixed,Retail Customer,2023-08-20
367,Lucy Murphy,Limerick,Limerick,Bronze,Online,Retail Customer,2020-01-08
368,Michael Fitzgerald,Clare,Ennis,Silver,Store,Retail Customer,2020-05-13
369,James Dunne,Dublin,Dublin,Silver,Online,Wholesale Partner,2022-12-20
370,Mia Nolan,Kildare,Newbridge,Gold,Store,Retail Customer,2020-12-20
371,James Quinn,Galway,Galway,Platinum,Online,Retail Customer,2021-05-19
372,Conor Lynch,Dublin,Dublin,Silver,Online,Distributor,2022-09-19
373,Chloe Ryan,Meath,Navan,Silver,Online,Retail Customer,2023-08-06
374,Anna Murray,Clare,Ennis,Bronze,Mixed,Distributor,2022-12-31
375,Conor Ryan,Dublin,Swords,Bronze,Online,Retail Customer,2025-03-09
376,Rían Walsh,Wicklow,Bray,Gold,Store,Distributor,2025-06-06
377,Ava Byrne,Dublin,Tallaght,Gold,Mixed,Retail Customer,2022-10-07
378,Amelia Fitzgerald,Wicklow,Wicklow,Silver,Store,Retail Customer,2024-09-06
379,Isla Nolan,Kilkenny,Kilkenny,Silver,Online,Wholesale Partner,2025-02-05
380,Ava Lynch,Dublin,Swords,Bronze,Online,Retail Customer,2023-01-31
381,James Moore,Waterford,Waterford,Silver,Store,Retail Customer,2021-09-13
382,Emily Nolan,Dublin,Swords,Bronze,Online,Distributor,2025-12-26
383,Chloe Byrne,Galway,Galway,Gold,Online,Retail Customer,2025-05-27
384,Ella Kelly,Dublin,Swords,Silver,Mixed,Retail Customer,2022-06-11
385,Sophie Byrne,Kilkenny,Kilkenny,Bronze,Mixed,Retail Customer,2020-09-30
386,Michael Healy,Meath,Trim,Bronze,Online,Distributor,2022-12-30
387,Ella Nolan,Meath,Navan,Silver,Store,Retail Customer,2024-03-29
388,Ella Nolan,Kilkenny,Kilkenny,Platinum,Store,Retail Customer,2025-11-06
389,Grace Healy,Waterford,Waterford,Silver,Online,Retail Customer,2024-03-16
390,Noah Fitzgerald,Dublin,Swords,Gold,Mixed,Retail Customer,2023-03-05
391,Aoife Byrne,Meath,Navan,Bronze,Online,Retail Customer,2023-08-07
392,Noah McCarthy,Clare,Ennis,Silver,Mixed,Retail Customer,2025-06-15
393,Ella Smith,Meath,Navan,Gold,Store,Retail Customer,2025-11-20
394,Anna Murray,Galway,Galway,Bronze,Store,Retail Customer,2023-01-07
395,Mia Lynch,Kilkenny,Kilkenny,Bronze,Mixed,Retail Customer,2021-12-22
396,Ava Lynch,Dublin,Swords,Bronze,Online,Retail Customer,2021-01-26
397,Jack Reilly,Kilkenny,Kilkenny,Bronze,Online,Retail Customer,2022-11-08
398,Sophie Gallagher,Clare,Ennis,Gold,Online,Retail Customer,2020-12-22
399,Grace Byrne,Wicklow,Bray,Platinum,Online,Distributor,2025-11-03
400,Anna Kennedy,Kilkenny,Kilkenny,Gold,Online,Distributor,2025-10-02
401,Finn Healy,Clare,Ennis,Silver,Online,Retail Customer,2024-02-26
402,Sophie Reilly,Kildare,Newbridge,Silver,Mixed,Wholesale Partner,2022-04-20
403,Grace O'Brien,Kilkenny,Kilkenny,Silver,Mixed,Retail Customer,2020-11-22
404,Ava Dunne,Meath,Trim,Platinum,Online,Retail Customer,2024-07-31
405,Liam Murray,Galway,Galway,Platinum,Store,Retail Customer,2020-08-02
406,Rían Lynch,Waterford,Waterford,Silver,Mixed,Retail Customer,2023-05-03
407,Conor O'Brien,Dublin,Dublin,Bronze,Online,Retail Customer,2022-04-23
408,Sophie Ryan,Meath,Navan,Platinum,Mixed,Retail Customer,2023-07-23
409,Isla Lynch,Wicklow,Bray,Silver,Store,Retail Customer,2024-08-06
410,Michael Quinn,Dublin,Dublin,Gold,Online,Retail Customer,2025-12-19
411,Cillian Healy,Dublin,Tallaght,Bronze,Store,Retail Customer,2025-09-25
412,Ella Kelly,Kildare,Naas,Gold,Online,Retail Customer,2023-12-26
413,Isla McCarthy,Waterford,Waterford,Bronze,Online,Retail Customer,2023-10-25
414,Ciara Fitzgerald,Cork,Cork,Bronze,Online,Retail Customer,2024-07-13
415,Sophie Moore,Cork,Cork,Silver,Mixed,Retail Customer,2022-03-09
416,Isla Nolan,Waterford,Waterford,Gold,Online,Wholesale Partner,2023-07-04
417,Sophie Quinn,Meath,Trim,Platinum,Store,Retail Customer,2022-01-03
418,Cillian Doyle,Wicklow,Bray,Silver,Online,Retail Customer,2020-07-10
419,Emily Kelly,Kilkenny,Kilkenny,Silver,Mixed,Retail Customer,2022-06-13
420,Anna Reilly,Dublin,Tallaght,Bronze,Mixed,Wholesale Partner,2024-02-02
421,Chloe Ryan,Galway,Galway,Bronze,Mixed,Distributor,2021-11-04
422,Cillian Gallagher,Waterford,Waterford,Gold,Mixed,Retail Customer,2023-06-12
423,Mia Byrne,Cork,Cork,Silver,Store,Retail Customer,2024-06-12
424,Anna Murphy,Kildare,Kildare,Bronze,Mixed,Retail Customer,2022-03-15
425,Lucy Smith,Limerick,Limerick,Bronze,Online,Retail Customer,2021-09-08
426,Lucy Byrne,Limerick,Limerick,Silver,Online,Retail Customer,2021-08-06
427,Liam Lynch,Dublin,Tallaght,Bronze,Online,Retail Customer,2020-04-08
428,Ava Lynch,Dublin,Dublin,Platinum,Mixed,Retail Customer,2024-03-07
429,Noah Kennedy,Waterford,Waterford,Bronze,Mixed,Retail Customer,2024-04-05
430,Aoife Moore,Waterford,Waterford,Bronze,Mixed,Retail Customer,2022-10-06
431,James Murphy,Galway,Galway,Bronze,Mixed,Retail Customer,2024-08-08
432,Finn Reilly,Clare,Ennis,Bronze,Mixed,Retail Customer,2024-04-07
433,Jack Kennedy,Cork,Cork,Silver,Online,Retail Customer,2020-04-18
434,Jack Kelly,Cork,Cork,Gold,Store,Retail Customer,2022-09-06
435,Ava Healy,Waterford,Waterford,Bronze,Online,Retail Customer,2025-05-13
436,Jack Moore,Wicklow,Bray,Bronze,Online,Retail Customer,2021-06-11
437,Ava Smith,Wicklow,Bray,Silver,Store,Retail Customer,2021-09-06
438,Aoife O'Brien,Galway,Galway,Bronze,Online,Retail Customer,2024-07-11
439,Liam Healy,Limerick,Limerick,Silver,Mixed,Retail Customer,2020-11-07
440,Daniel Dunne,Dublin,Tallaght,Bronze,Online,Wholesale Partner,2020-05-25
441,Isla Byrne,Meath,Trim,Silver,Online,Retail Customer,2022-01-16
442,James Smith,Meath,Navan,Bronze,Online,Retail Customer,2024-10-29
443,Lucy Moore,Dublin,Tallaght,Silver,Online,Retail Customer,2024-03-05
444,Lucy Murray,Galway,Galway,Silver,Store,Retail Customer,2025-08-31
445,Anna Byrne,Limerick,Limerick,Bronze,Online,Retail Customer,2024-10-01
446,Ciara Ryan,Wicklow,Wicklow,Bronze,Mixed,Retail Customer,2021-09-21
447,Finn Kelly,Limerick,Limerick,Silver,Online,Retail Customer,2020-07-26
448,Ava Walsh,Kilkenny,Kilkenny,Bronze,Store,Retail Customer,2024-06-14
449,Aoife Moore,Kilkenny,Kilkenny,Gold,Store,Retail Customer,2022-01-03
450,Finn Byrne,Clare,Ennis,Bronze,Online,Wholesale Partner,2025-06-21
451,Noah Kennedy,Cork,Cork,Silver,Online,Retail Customer,2024-06-09
452,Rían Kelly,Limerick,Limerick,Silver,Online,Retail Customer,2021-07-15
453,Chloe Quinn,Meath,Trim,Gold,Mixed,Retail Customer,2021-07-20
454,Emily Kelly,Kilkenny,Kilkenny,Bronze,Mixed,Retail Customer,2025-07-09
455,Sophie Murray,Dublin,Tallaght,Silver,Store,Retail Customer,2021-03-15
456,Grace Gallagher,Dublin,Swords,Gold,Store,Retail Customer,2024-08-08
457,Mia Quinn,Clare,Ennis,Silver,Mixed,Retail Customer,2022-05-28
458,Lucy Lynch,Dublin,Swords,Bronze,Mixed,Retail Customer,2022-11-14
459,Aoife Moore,Limerick,Limerick,Silver,Online,Retail Customer,2021-05-18
460,James Dunne,Dublin,Swords,Silver,Online,Retail Customer,2023-12-28
461,Michael Walsh,Meath,Trim,Gold,Mixed,Retail Customer,2023-09-26
462,Grace Ryan,Dublin,Swords,Silver,Mixed,Distributor,2021-01-08
463,Isla Kennedy,Galway,Galway,Bronze,Online,Retail Customer,2022-12-24
464,Michael Dunne,Dublin,Tallaght,Silver,Online,Retail Customer,2023-11-20
465,Ella Murray,Waterford,Waterford,Bronze,Mixed,Retail Customer,2024-07-03
466,Ciara Murray,Wicklow,Wicklow,Silver,Mixed,Retail Customer,2022-01-21
467,Emily Kelly,Dublin,Tallaght,Bronze,Online,Retail Customer,2021-03-19
468,Ava Quinn,Limerick,Limerick,Bronze,Online,Retail Customer,2022-04-13
469,Liam O'Brien,Wicklow,Wicklow,Platinum,Online,Retail Customer,2022-09-06
470,Noah O'Brien,Dublin,Dublin,Bronze,Online,Retail Customer,2022-06-12
471,Ava Murray,Limerick,Limerick,Gold,Online,Retail Customer,2022-10-28
472,Daniel Kelly,Wicklow,Bray,Bronze,Mixed,Retail Customer,2024-01-04
473,Isla Fitzgerald,Limerick,Limerick,Bronze,Online,Retail Customer,2020-11-29
474,Ella Byrne,Wicklow,Bray,Bronze,Online,Retail Customer,2025-04-10
475,Chloe Murray,Kildare,Naas,Silver,Store,Retail Customer,2024-02-19
476,Ava Gallagher,Cork,Cork,Silver,Store,Retail Customer,2025-10-06
477,Liam Walsh,Waterford,Waterford,Bronze,Online,Retail Customer,2020-09-28
478,Sarah Ryan,Galway,Galway,Silver,Online,Retail Customer,2022-11-28
479,Aoife Fitzgerald,Cork,Cork,Bronze,Online,Retail Customer,2023-03-06
480,Aoife Moore,Cork,Cork,Bronze,Online,Retail Customer,2020-09-07
481,Finn Byrne,Waterford,Waterford,Platinum,Online,Wholesale Partner,2020-03-13
482,Aoife Fitzgerald,Dublin,Tallaght,Silver,Online,Distributor,2023-07-01
483,Grace Murray,Clare,Ennis,Bronze,Mixed,Retail Customer,2021-06-06
484,Sarah Reilly,Galway,Galway,Platinum,Mixed,Distributor,2025-06-30
485,Cillian Walsh,Limerick,Limerick,Silver,Store,Retail Customer,2022-11-17
486,Jack Doyle,Dublin,Dublin,Gold,Online,Retail Customer,2022-12-05
487,Amelia Murphy,Limerick,Limerick,Bronze,Online,Retail Customer,2022-10-03
488,Ella Reilly,Dublin,Tallaght,Bronze,Mixed,Retail Customer,2025-06-23
489,James Byrne,Galway,Galway,Silver,Online,Retail Customer,2020-03-02
490,Aoife Moore,Meath,Trim,Gold,Online,Retail Customer,2020-09-21
491,Mia Nolan,Dublin,Dublin,Bronze,Online,Retail Customer,2023-04-05
492,Grace Byrne,Waterford,Waterford,Bronze,Online,Retail Customer,2025-03-06
493,Isla Smith,Limerick,Limerick,Gold,Mixed,Retail Customer,2024-02-25
494,Sarah Nolan,Dublin,Dublin,Platinum,Mixed,Retail Customer,2025-03-03
495,Mia Smith,Dublin,Dublin,Bronze,Mixed,Retail Customer,2023-07-04
496,Chloe O'Brien,Galway,Galway,Silver,Online,Distributor,2021-07-31
497,Cillian Lynch,Clare,Ennis,Silver,Mixed,Retail Customer,2023-07-27
498,Anna Smith,Galway,Galway,Bronze,Online,Retail Customer,2020-01-11
499,Emily Doyle,Kilkenny,Kilkenny,Gold,Online,Retail Customer,2022-01-04
500,Finn Kennedy,Wicklow,Bray,Gold,Mixed,Retail Customer,2020-10-23
501,Chloe Walsh,Wicklow,Bray,Gold,Mixed,Retail Customer,2022-07-10
502,Cillian Healy,Clare,Ennis,Silver,Mixed,Retail Customer,2020-06-06
503,Daniel Kelly,Dublin,Dublin,Silver,Mixed,Wholesale Partner,2021-02-24
504,Noah Nolan,Galway,Galway,Bronze,Online,Distributor,2024-07-10
505,Daniel Dunne,Wicklow,Bray,Platinum,Online,Retail Customer,2020-01-12
506,Amelia Reilly,Galway,Galway,Bronze,Mixed,Retail Customer,2021-01-10
507,Amelia McCarthy,Kilkenny,Kilkenny,Bronze,Online,Retail Customer,2023-11-30
508,Sophie Fitzgerald,Dublin,Tallaght,Gold,Store,Retail Customer,2021-10-15
509,Noah Walsh,Waterford,Waterford,Silver,Mixed,Retail Customer,2021-12-12
510,Amelia Fitzgerald,Cork,Cork,Bronze,Online,Retail Customer,2020-11-20
511,Michael O'Brien,Limerick,Limerick,Bronze,Mixed,Retail Customer,2024-07-25
512,Ciara Murray,Kildare,Kildare,Gold,Mixed,Retail Customer,2025-09-14
513,Anna Smith,Meath,Navan,Bronze,Online,Retail Customer,2024-06-05
514,Grace McCarthy,Waterford,Waterford,Gold,Online,Retail Customer,2020-12-18
515,Emily Fitzgerald,Cork,Cork,Gold,Mixed,Retail Customer,2022-05-25
516,Jack Kelly,Galway,Galway,Bronze,Mixed,Retail Customer,2020-02-01
517,Michael Dunne,Cork,Cork,Gold,Online,Retail Customer,2022-09-30
518,Grace Nolan,Clare,Ennis,Bronze,Online,Retail Customer,2024-03-21
519,Rían Walsh,Waterford,Waterford,Silver,Online,Retail Customer,2022-03-14
520,Amelia Kennedy,Waterford,Waterford,Platinum,Online,Retail Customer,2025-03-30
521,James Quinn,Meath,Trim,Silver,Online,Retail Customer,2023-09-10
522,Conor Doyle,Wicklow,Wicklow,Silver,Store,Retail Customer,2021-11-09
523,Noah Kelly,Galway,Galway,Gold,Mixed,Retail Customer,2021-03-20
524,Michael Moore,Galway,Galway,Silver,Online,Retail Customer,2023-06-30
525,Jack Dunne,Dublin,Swords,Gold,Mixed,Retail Customer,2020-02-09
526,Ciara Murray,Kildare,Naas,Silver,Online,Retail Customer,2022-11-30
527,Noah Quinn,Dublin,Tallaght,Silver,Online,Wholesale Partner,2021-07-14
528,Sarah Doyle,Limerick,Limerick,Silver,Online,Retail Customer,2020-09-09
529,James Quinn,Meath,Trim,Bronze,Online,Retail Customer,2023-09-30
530,Sarah Gallagher,Wicklow,Bray,Bronze,Mixed,Retail Customer,2023-08-27
531,Finn Ryan,Kildare,Naas,Silver,Online,Wholesale Partner,2022-10-01
532,Grace Reilly,Limerick,Limerick,Bronze,Online,Retail Customer,2022-10-10
533,Rían Healy,Meath,Trim,Silver,Mixed,Retail Customer,2024-05-19
534,Chloe Kelly,Dublin,Dublin,Gold,Online,Wholesale Partner,2020-04-25
535,Finn Lynch,Waterford,Waterford,Platinum,Store,Retail Customer,2025-10-03
536,Finn Healy,Meath,Navan,Silver,Online,Retail Customer,2022-03-24
537,Grace Healy,Limerick,Limerick,Silver,Online,Retail Customer,2020-01-26
538,Lucy Healy,Clare,Ennis,Silver,Mixed,Retail Customer,2021-10-21
539,Daniel Lynch,Meath,Trim,Silver,Mixed,Retail Customer,2025-02-27
540,Aoife Nolan,Galway,Galway,Gold,Store,Retail Customer,2022-08-17
541,Liam Murray,Limerick,Limerick,Silver,Mixed,Retail Customer,2022-11-28
542,Mia Nolan,Galway,Galway,Silver,Mixed,Retail Customer,2022-05-23
543,Michael Moore,Galway,Galway,Bronze,Store,Retail Customer,2024-05-17
544,Ciara Kelly,Wicklow,Wicklow,Bronze,Store,Retail Customer,2020-09-13
545,Cillian Smith,Kilkenny,Kilkenny,Silver,Mixed,Retail Customer,2024-11-21
546,Finn McCarthy,Dublin,Tallaght,Bronze,Online,Retail Customer,2020-06-04
547,Aoife Ryan,Cork,Cork,Platinum,Online,Retail Customer,2024-03-03
548,Ella Lynch,Kildare,Kildare,Bronze,Mixed,Retail Customer,2025-09-12
549,Mia Doyle,Kildare,Newbridge,Bronze,Online,Retail Customer,2022-05-24
550,Michael Moore,Clare,Ennis,Bronze,Store,Retail Customer,2024-11-27
551,Aoife O'Brien,Meath,Navan,Bronze,Online,Retail Customer,2025-04-04
552,Sarah Lynch,Kilkenny,Kilkenny,Bronze,Mixed,Retail Customer,2024-03-24
553,Chloe Quinn,Limerick,Limerick,Silver,Online,Retail Customer,2023-07-16
554,Ella Reilly,Limerick,Limerick,Bronze,Online,Retail Customer,2022-05-15
555,Isla Gallagher,Wicklow,Wicklow,Gold,Mixed,Retail Customer,2025-03-29
556,Rían McCarthy,Galway,Galway,Gold,Store,Retail Customer,2021-01-11
557,Conor Kennedy,Galway,Galway,Gold,Online,Retail Customer,2022-05-22
558,Aoife Moore,Limerick,Limerick,Bronze,Online,Retail Customer,2024-11-12
559,Anna Reilly,Clare,Ennis,Bronze,Online,Retail Customer,2025-03-04
560,Sophie Ryan,Wicklow,Wicklow,Silver,Mixed,Retail Customer,2023-03-18
561,Lucy Murray,Dublin,Swords,Silver,Mixed,Retail Customer,2025-08-07
562,Noah Kennedy,Clare,Ennis,Silver,Online,Retail Customer,2020-06-07
563,Anna Fitzgerald,Kilkenny,Kilkenny,Gold,Mixed,Retail Customer,2024-11-19
564,Ciara Moore,Cork,Cork,Gold,Online,Retail Customer,2022-10-05
565,Sarah Gallagher,Meath,Trim,Platinum,Online,Retail Customer,2023-07-14
566,Finn Ryan,Wicklow,Bray,Silver,Mixed,Retail Customer,2022-05-18
567,Conor Kelly,Kilkenny,Kilkenny,Bronze,Online,Retail Customer,2024-09-20
568,Ava McCarthy,Dublin,Dublin,Gold,Store,Retail Customer,2023-09-17
569,Mia Lynch,Clare,Ennis,Silver,Online,Retail Customer,2021-05-07
570,Jack O'Brien,Dublin,Tallaght,Gold,Mixed,Retail Customer,2025-02-06
571,Cillian Dunne,Kilkenny,Kilkenny,Silver,Mixed,Retail Customer,2020-05-09
572,Amelia Doyle,Galway,Galway,Bronze,Online,Retail Customer,2021-05-20
573,Sophie Kelly,Dublin,Tallaght,Bronze,Online,Retail Customer,2021-07-05
574,Daniel McCarthy,Meath,Navan,Bronze,Online,Retail Customer,2021-11-13
575,Cillian Dunne,Dublin,Dublin,Silver,Mixed,Retail Customer,2022-11-14
576,Lucy Moore,Dublin,Tallaght,Bronze,Online,Retail Customer,2022-12-13
577,Sophie Kelly,Dublin,Swords,Gold,Store,Retail Customer,2025-11-14
578,Daniel Healy,Dublin,Swords,Silver,Online,Retail Customer,2021-04-13
579,Sophie Fitzgerald,Kilkenny,Kilkenny,Silver,Online,Retail Customer,2022-02-10
580,Finn Smith,Waterford,Waterford,Platinum,Store,Retail Customer,2024-03-24
581,Rían Ryan,Limerick,Limerick,Bronze,Online,Retail Customer,2021-12-06
582,Ciara Fitzgerald,Kilkenny,Kilkenny,Bronze,Mixed,Wholesale Partner,2020-11-04
583,Aoife Walsh,Dublin,Tallaght,Gold,Online,Wholesale Partner,2024-01-09
584,Grace Kennedy,Wicklow,Bray,Gold,Online,Retail Customer,2024-03-12
585,Cillian Healy,Kilkenny,Kilkenny,Bronze,Online,Retail Customer,2024-04-07
586,Mia Smith,Limerick,Limerick,Bronze,Store,Retail Customer,2025-07-09
587,Lucy Ryan,Dublin,Dublin,Bronze,Online,Retail Customer,2025-08-08
588,Amelia Lynch,Cork,Cork,Gold,Online,Retail Customer,2024-11-01
589,Emily Quinn,Cork,Cork,Silver,Mixed,Retail Customer,2023-12-21
590,Emily Lynch,Galway,Galway,Silver,Mixed,Retail Customer,2023-08-04
591,Emily Murray,Clare,Ennis,Bronze,Online,Wholesale Partner,2021-09-24
592,Noah Ryan,Waterford,Waterford,Gold,Online,Retail Customer,2020-07-31
593,Cillian Quinn,Kilkenny,Kilkenny,Bronze,Online,Retail Customer,2023-06-23
594,Aoife Ryan,Kilkenny,Kilkenny,Silver,Mixed,Retail Customer,2020-03-19
595,Anna Healy,Cork,Cork,Silver,Online,Retail Customer,2023-09-15
596,Finn Moore,Dublin,Swords,Bronze,Mixed,Retail Customer,2020-10-23
597,Ciara Healy,Limerick,Limerick,Gold,Mixed,Retail Customer,2022-07-24
598,Aoife Reilly,Waterford,Waterford,Bronze,Mixed,Retail Customer,2021-10-06
599,Conor Healy,Dublin,Tallaght,Silver,Mixed,Retail Customer,2022-04-10
600,Ella Smith,Clare,Ennis,Bronze,Mixed,Retail Customer,2022-08-07
601,James Nolan,Dublin,Dublin,Platinum,Mixed,Retail Customer,2021-10-13
602,Sarah Smith,Cork,Cork,Gold,Online,Retail Customer,2022-05-04
603,Cillian Lynch,Meath,Trim,Bronze,Online,Retail Customer,2024-04-05
604,Jack Doyle,Clare,Ennis,Gold,Online,Retail Customer,2020-11-19
605,James Smith,Waterford,Waterford,Bronze,Mixed,Retail Customer,2024-06-06
606,Ella O'Brien,Meath,Trim,Gold,Mixed,Retail Customer,2020-10-31
607,Ella Nolan,Dublin,Tallaght,Gold,Online,Retail Customer,2022-02-17
608,Ella Kennedy,Clare,Ennis,Gold,Store,Retail Customer,2025-02-10
609,Lucy Gallagher,Dublin,Tallaght,Silver,Store,Retail Customer,2023-10-20
610,Rían Nolan,Dublin,Dublin,Silver,Store,Retail Customer,2024-11-03
611,Mia Murray,Clare,Ennis,Bronze,Online,Retail Customer,2025-11-03
612,Sarah Kelly,Dublin,Swords,Gold,Online,Retail Customer,2025-01-03
613,Noah Kennedy,Kildare,Kildare,Gold,Store,Retail Customer,2021-03-26
614,Finn Dunne,Limerick,Limerick,Silver,Online,Retail Customer,2023-06-02
615,Ella Quinn,Kildare,Kildare,Bronze,Online,Retail Customer,2023-05-01
616,Isla Reilly,Dublin,Tallaght,Platinum,Mixed,Distributor,2020-07-30
617,Anna Ryan,Dublin,Tallaght,Gold,Store,Retail Customer,2020-10-09
618,Lucy Smith,Dublin,Tallaght,Bronze,Store,Retail Customer,2025-10-04
619,Conor Murphy,Dublin,Swords,Bronze,Online,Retail Customer,2020-06-19
620,Ella Reilly,Kildare,Newbridge,Bronze,Online,Retail Customer,2020-12-21
621,Lucy McCarthy,Cork,Cork,Gold,Mixed,Retail Customer,2021-11-19
622,Anna O'Brien,Galway,Galway,Gold,Online,Distributor,2021-07-16
623,Ciara Ryan,Dublin,Tallaght,Gold,Store,Retail Customer,2023-04-18
624,Mia Healy,Dublin,Dublin,Gold,Online,Retail Customer,2025-03-02
625,Rían Byrne,Dublin,Tallaght,Gold,Online,Retail Customer,2021-01-19
626,Noah Fitzgerald,Wicklow,Bray,Bronze,Online,Retail Customer,2024-05-25
627,Conor Kelly,Kildare,Naas,Gold,Mixed,Retail Customer,2021-04-21
628,Conor Reilly,Cork,Cork,Silver,Online,Retail Customer,2020-11-27
629,Finn Smith,Galway,Galway,Gold,Mixed,Retail Customer,2023-06-06
630,Ciara Nolan,Limerick,Limerick,Gold,Online,Retail Customer,2024-06-16
631,Conor Kennedy,Dublin,Tallaght,Gold,Online,Retail Customer,2020-02-24
632,Chloe McCarthy,Kildare,Naas,Gold,Store,Distributor,2020-08-26
633,Emily Kelly,Meath,Navan,Bronze,Online,Retail Customer,2023-04-08
634,Ava Dunne,Meath,Trim,Gold,Store,Retail Customer,2020-11-29
635,Noah Murray,Kilkenny,Kilkenny,Gold,Mixed,Retail Customer,2020-01-02
636,Chloe Lynch,Clare,Ennis,Bronze,Mixed,Retail Customer,2021-02-21
637,Mia O'Brien,Galway,Galway,Bronze,Store,Retail Customer,2022-10-07
638,Cillian Reilly,Waterford,Waterford,Platinum,Store,Retail Customer,2025-02-22
639,Conor Kennedy,Clare,Ennis,Bronze,Store,Retail Customer,2020-07-14
640,Ella Kelly,Meath,Trim,Silver,Store,Retail Customer,2020-05-28
641,Mia Reilly,Meath,Navan,Silver,Online,Retail Customer,2024-11-12
642,Lucy McCarthy,Galway,Galway,Bronze,Online,Retail Customer,2021-04-22
643,Grace Byrne,Waterford,Waterford,Bronze,Online,Wholesale Partner,2022-04-11
644,James Reilly,Clare,Ennis,Gold,Mixed,Retail Customer,2024-03-20
645,Noah Gallagher,Kildare,Newbridge,Silver,Mixed,Retail Customer,2023-10-16
646,Michael Healy,Dublin,Dublin,Bronze,Mixed,Wholesale Partner,2021-07-24
647,Rían Nolan,Clare,Ennis,Bronze,Online,Retail Customer,2024-07-07
648,Amelia Doyle,Limerick,Limerick,Silver,Mixed,Retail Customer,2020-04-25
649,Liam Doyle,Cork,Cork,Gold,Online,Retail Customer,2023-01-29
650,Ciara Moore,Cork,Cork,Bronze,Store,Retail Customer,2022-07-10
651,Lucy McCarthy,Meath,Trim,Silver,Store,Retail Customer,2022-07-30
652,Sophie Quinn,Waterford,Waterford,Silver,Online,Retail Customer,2021-11-23
653,Sophie Gallagher,Limerick,Limerick,Bronze,Online,Retail Customer,2022-10-17
654,Ella Ryan,Clare,Ennis,Silver,Store,Retail Customer,2022-01-21
655,Grace Doyle,Limerick,Limerick,Gold,Online,Retail Customer,2021-10-17
656,Mia Kelly,Wicklow,Bray,Gold,Store,Retail Customer,2022-11-14
657,Ciara O'Brien,Dublin,Swords,Bronze,Online,Retail Customer,2025-11-27
658,Sarah Nolan,Wicklow,Wicklow,Silver,Store,Retail Customer,2020-03-18
659,Sophie O'Brien,Cork,Cork,Gold,Online,Retail Customer,2021-11-09
660,Conor Quinn,Wicklow,Bray,Silver,Online,Retail Customer,2021-06-11
661,Amelia Reilly,Kilkenny,Kilkenny,Silver,Online,Retail Customer,2022-09-25
662,Emily Moore,Clare,Ennis,Bronze,Mixed,Retail Customer,2023-09-12
663,Ella Walsh,Clare,Ennis,Platinum,Online,Retail Customer,2021-12-24
664,Cillian O'Brien,Clare,Ennis,Bronze,Mixed,Wholesale Partner,2021-03-09
665,Cillian Reilly,Kilkenny,Kilkenny,Gold,Online,Retail Customer,2023-09-01
666,Chloe Kelly,Dublin,Tallaght,Bronze,Store,Retail Customer,2021-10-26
667,Noah Murphy,Kildare,Kildare,Gold,Online,Retail Customer,2020-05-02
668,Ava McCarthy,Dublin,Tallaght,Bronze,Mixed,Retail Customer,2025-11-30
669,Finn Murphy,Cork,Cork,Bronze,Online,Retail Customer,2020-01-02
670,Anna Kelly,Wicklow,Wicklow,Silver,Online,Retail Customer,2024-09-15
671,Isla Moore,Dublin,Dublin,Silver,Online,Wholesale Partner,2023-07-16
672,Sarah Reilly,Kildare,Kildare,Gold,Online,Retail Customer,2024-07-13
673,Liam Smith,Clare,Ennis,Silver,Online,Retail Customer,2020-06-15
674,Sarah Kennedy,Dublin,Tallaght,Gold,Store,Retail Customer,2022-07-19
675,Aoife Dunne,Dublin,Dublin,Silver,Store,Retail Customer,2025-06-24
676,Jack Smith,Dublin,Dublin,Gold,Store,Retail Customer,2022-04-17
677,Rían Healy,Meath,Trim,Silver,Mixed,Retail Customer,2022-11-17
678,Anna Gallagher,Kildare,Kildare,Silver,Online,Retail Customer,2024-08-16
679,Anna Quinn,Waterford,Waterford,Bronze,Mixed,Retail Customer,2020-11-15
680,Aoife McCarthy,Galway,Galway,Silver,Online,Retail Customer,2024-06-10
681,Ava Kelly,Dublin,Swords,Bronze,Online,Wholesale Partner,2025-11-02
682,Lucy Quinn,Meath,Trim,Bronze,Mixed,Retail Customer,2024-08-06
683,Noah Murphy,Clare,Ennis,Bronze,Online,Retail Customer,2021-02-01
684,James Moore,Kildare,Newbridge,Gold,Mixed,Retail Customer,2024-07-01
685,Grace Nolan,Dublin,Tallaght,Gold,Store,Retail Customer,2025-05-02
686,Noah McCarthy,Cork,Cork,Bronze,Mixed,Retail Customer,2024-11-02
687,Emily Kelly,Dublin,Tallaght,Bronze,Mixed,Retail Customer,2025-05-07
688,Emily Reilly,Wicklow,Bray,Gold,Online,Retail Customer,2024-12-12
689,Cillian Lynch,Dublin,Dublin,Bronze,Online,Retail Customer,2020-06-28
690,Daniel O'Brien,Clare,Ennis,Bronze,Online,Wholesale Partner,2022-01-22
691,James Kennedy,Dublin,Tallaght,Silver,Online,Retail Customer,2021-04-11
692,Conor Nolan,Kildare,Newbridge,Gold,Mixed,Retail Customer,2020-03-26
693,Sarah Lynch,Kildare,Newbridge,Bronze,Online,Retail Customer,2024-11-29
694,Finn Byrne,Meath,Trim,Bronze,Store,Retail Customer,2025-06-25
695,Noah Ryan,Kildare,Kildare,Gold,Mixed,Retail Customer,2025-05-14
696,James Lynch,Wicklow,Wicklow,Silver,Online,Retail Customer,2022-08-08
697,Grace Murphy,Kilkenny,Kilkenny,Silver,Mixed,Wholesale Partner,2025-09-07
698,Ella Moore,Cork,Cork,Silver,Store,Retail Customer,2023-04-27
699,Sarah Quinn,Kildare,Kildare,Silver,Online,Retail Customer,2022-03-07
700,Isla Nolan,Kilkenny,Kilkenny,Bronze,Online,Retail Customer,2021-04-12
701,James Healy,Galway,Galway,Silver,Store,Retail Customer,2025-07-26
702,Aoife Byrne,Dublin,Swords,Silver,Online,Retail Customer,2022-03-14
703,Finn Quinn,Clare,Ennis,Silver,Online,Retail Customer,2020-11-15
704,Ciara Quinn,Limerick,Limerick,Bronze,Mixed,Retail Customer,2023-05-13
705,Jack Byrne,Dublin,Swords,Silver,Mixed,Retail Customer,2022-04-18
706,Ella Murray,Galway,Galway,Gold,Store,Retail Customer,2021-11-24
707,Finn Byrne,Dublin,Swords,Silver,Online,Retail Customer,2020-11-21
708,Ella Reilly,Meath,Trim,Silver,Online,Wholesale Partner,2024-09-06
709,Jack Murphy,Dublin,Swords,Gold,Online,Retail Customer,2024-11-21
710,Sarah Byrne,Wicklow,Wicklow,Gold,Mixed,Retail Customer,2024-03-12
711,Lucy Murphy,Galway,Galway,Bronze,Online,Retail Customer,2024-04-18
712,Lucy Byrne,Clare,Ennis,Silver,Online,Retail Customer,2021-01-10
713,Daniel Smith,Dublin,Tallaght,Silver,Online,Retail Customer,2023-02-06
714,Lucy Walsh,Dublin,Swords,Gold,Mixed,Retail Customer,2020-08-10
715,Sophie Gallagher,Waterford,Waterford,Bronze,Online,Retail Customer,2024-02-28
716,James Walsh,Kildare,Naas,Gold,Store,Distributor,2021-10-07
717,Mia Kennedy,Waterford,Waterford,Silver,Mixed,Retail Customer,2020-09-07
718,Anna Gallagher,Cork,Cork,Silver,Online,Retail Customer,2025-03-05
719,Michael Healy,Cork,Cork,Gold,Store,Retail Customer,2023-08-22
720,Jack O'Brien,Galway,Galway,Silver,Online,Retail Customer,2021-02-19
721,Lucy Lynch,Wicklow,Wicklow,Silver,Mixed,Retail Customer,2020-09-21
722,Grace Fitzgerald,Limerick,Limerick,Silver,Online,Retail Customer,2020-07-16
723,Ava Healy,Dublin,Swords,Silver,Online,Retail Customer,2022-11-13
724,Grace Healy,Clare,Ennis,Gold,Mixed,Retail Customer,2022-01-31
725,Amelia Lynch,Dublin,Swords,Bronze,Online,Retail Customer,2021-07-31
726,Grace Kennedy,Clare,Ennis,Bronze,Online,Wholesale Partner,2024-08-01
727,Daniel McCarthy,Limerick,Limerick,Platinum,Mixed,Retail Customer,2023-12-19
728,Emily Quinn,Limerick,Limerick,Gold,Mixed,Retail Customer,2021-02-14
729,Daniel Doyle,Wicklow,Bray,Bronze,Online,Retail Customer,2022-11-07
730,Isla Reilly,Dublin,Tallaght,Silver,Store,Retail Customer,2025-01-26
731,Ella Doyle,Waterford,Waterford,Bronze,Online,Wholesale Partner,2020-12-16
732,Aoife Byrne,Kildare,Newbridge,Gold,Store,Retail Customer,2021-03-06
733,Amelia O'Brien,Kilkenny,Kilkenny,Silver,Mixed,Retail Customer,2022-12-26
734,Conor Gallagher,Kilkenny,Kilkenny,Silver,Store,Retail Customer,2021-07-19
735,Aoife Dunne,Kildare,Kildare,Bronze,Store,Retail Customer,2023-06-27
736,Ella Healy,Waterford,Waterford,Gold,Online,Retail Customer,2021-12-28
737,Sarah Smith,Clare,Ennis,Bronze,Mixed,Retail Customer,2023-04-09
738,Sarah Kelly,Limerick,Limerick,Gold,Online,Retail Customer,2021-07-23
739,Jack McCarthy,Kilkenny,Kilkenny,Gold,Online,Retail Customer,2023-08-09
740,Cillian Healy,Dublin,Tallaght,Bronze,Online,Retail Customer,2021-08-10
741,Ava Quinn,Limerick,Limerick,Silver,Online,Retail Customer,2021-06-07
742,Jack Murphy,Dublin,Swords,Silver,Online,Retail Customer,2023-07-14
743,Conor Smith,Clare,Ennis,Silver,Store,Retail Customer,2020-01-11
744,Ella Murray,Kildare,Naas,Silver,Online,Retail Customer,2023-10-28
745,Isla Nolan,Clare,Ennis,Bronze,Mixed,Retail Customer,2020-10-11
746,Anna Murphy,Waterford,Waterford,Platinum,Online,Retail Customer,2024-12-04
747,Sophie Dunne,Dublin,Dublin,Bronze,Mixed,Wholesale Partner,2024-12-28
748,Ciara O'Brien,Limerick,Limerick,Gold,Store,Retail Customer,2023-12-29
749,Grace Fitzgerald,Cork,Cork,Bronze,Online,Retail Customer,2025-08-30
750,Anna Moore,Dublin,Swords,Silver,Mixed,Retail Customer,2023-05-08
751,Ciara Fitzgerald,Limerick,Limerick,Silver,Online,Wholesale Partner,2025-06-02
752,Sophie Kelly,Clare,Ennis,Gold,Store,Retail Customer,2021-10-24
753,Liam Lynch,Kilkenny,Kilkenny,Gold,Online,Retail Customer,2021-12-08
754,Isla Walsh,Clare,Ennis,Silver,Store,Retail Customer,2020-07-24
755,Chloe Walsh,Meath,Navan,Platinum,Online,Retail Customer,2023-04-14
756,Grace Reilly,Kildare,Naas,Silver,Online,Retail Customer,2023-03-22
757,Conor Quinn,Kilkenny,Kilkenny,Gold,Store,Retail Customer,2022-05-08
758,Cillian Dunne,Kildare,Kildare,Gold,Online,Retail Customer,2020-07-27
759,Ciara Healy,Cork,Cork,Platinum,Store,Retail Customer,2022-08-15
760,Daniel Dunne,Kildare,Kildare,Gold,Store,Retail Customer,2024-03-31
761,Aoife Doyle,Cork,Cork,Gold,Mixed,Retail Customer,2022-04-08
762,Aoife Byrne,Wicklow,Bray,Gold,Online,Retail Customer,2023-05-21
763,Sarah Walsh,Limerick,Limerick,Platinum,Online,Retail Customer,2023-05-26
764,Rían Fitzgerald,Dublin,Swords,Silver,Store,Retail Customer,2023-03-10
765,Isla Moore,Meath,Trim,Platinum,Store,Wholesale Partner,2020-11-24
766,Michael Quinn,Wicklow,Wicklow,Bronze,Store,Retail Customer,2022-03-09
767,Daniel Ryan,Limerick,Limerick,Silver,Store,Retail Customer,2022-01-22
768,Ella Healy,Dublin,Tallaght,Bronze,Online,Retail Customer,2020-10-23
769,Aoife Kennedy,Wicklow,Bray,Bronze,Store,Retail Customer,2020-03-19
770,Isla O'Brien,Limerick,Limerick,Gold,Mixed,Retail Customer,2024-12-20
771,Conor Kennedy,Dublin,Dublin,Gold,Online,Retail Customer,2023-11-29
772,Anna O'Brien,Meath,Trim,Gold,Store,Distributor,2023-09-29
773,Mia Healy,Dublin,Tallaght,Platinum,Mixed,Retail Customer,2024-10-06
774,Lucy Dunne,Dublin,Swords,Bronze,Mixed,Retail Customer,2025-06-13
775,Ava Reilly,Clare,Ennis,Gold,Online,Retail Customer,2025-05-13
776,Sarah Walsh,Waterford,Waterford,Bronze,Online,Retail Customer,2024-04-20
777,Finn Walsh,Limerick,Limerick,Bronze,Mixed,Retail Customer,2020-02-17
778,Michael Kelly,Limerick,Limerick,Bronze,Mixed,Retail Customer,2024-02-13
779,Amelia O'Brien,Cork,Cork,Bronze,Online,Retail Customer,2022-09-09
780,Sarah Smith,Kilkenny,Kilkenny,Bronze,Online,Retail Customer,2020-08-20
781,Mia Moore,Kildare,Newbridge,Gold,Online,Retail Customer,2020-01-04
782,Ella Moore,Dublin,Dublin,Platinum,Online,Wholesale Partner,2023-08-25
783,Daniel Murphy,Cork,Cork,Bronze,Mixed,Retail Customer,2022-10-02
784,Noah Gallagher,Cork,Cork,Bronze,Mixed,Retail Customer,2024-03-20
785,Cillian Fitzgerald,Wicklow,Wicklow,Bronze,Store,Retail Customer,2022-08-06
786,Sarah Smith,Dublin,Tallaght,Bronze,Online,Retail Customer,2020-01-21
787,Jack Gallagher,Meath,Trim,Bronze,Online,Retail Customer,2021-05-06
788,Sarah Kelly,Clare,Ennis,Gold,Online,Retail Customer,2020-06-09
789,Sarah Doyle,Kildare,Kildare,Gold,Store,Retail Customer,2023-09-06
790,Ciara McCarthy,Galway,Galway,Silver,Online,Retail Customer,2020-03-08
791,Ella Gallagher,Limerick,Limerick,Gold,Mixed,Wholesale Partner,2022-02-25
792,Ella Ryan,Cork,Cork,Bronze,Online,Retail Customer,2023-07-03
793,Ciara Nolan,Clare,Ennis,Silver,Online,Retail Customer,2022-02-21
794,Aoife Healy,Kilkenny,Kilkenny,Gold,Online,Retail Customer,2023-11-07
795,Cillian Healy,Dublin,Dublin,Bronze,Mixed,Retail Customer,2020-09-16
796,Rían Kelly,Wicklow,Wicklow,Gold,Online,Retail Customer,2023-10-12
797,Sarah Gallagher,Wicklow,Bray,Bronze,Store,Retail Customer,2024-12-27
798,Grace Kennedy,Galway,Galway,Bronze,Online,Retail Customer,2025-06-26
799,Chloe Ryan,Dublin,Swords,Bronze,Online,Retail Customer,2021-10-18
800,Noah Gallagher,Kilkenny,Kilkenny,Platinum,Store,Retail Customer,2021-03-11
801,Aoife O'Brien,Cork,Cork,Silver,Mixed,Retail Customer,2020-03-10
802,Aoife Lynch,Cork,Cork,Silver,Online,Retail Customer,2024-06-09
803,Amelia O'Brien,Wicklow,Wicklow,Silver,Online,Distributor,2023-06-08
804,Ava Dunne,Kildare,Naas,Bronze,Online,Retail Customer,2023-08-06
805,James Byrne,Kildare,Newbridge,Bronze,Online,Retail Customer,2025-10-18
806,Ciara Gallagher,Clare,Ennis,Bronze,Online,Retail Customer,2022-02-03
807,Ella Moore,Limerick,Limerick,Silver,Online,Retail Customer,2021-06-30
808,Ciara Byrne,Clare,Ennis,Bronze,Online,Retail Customer,2024-11-15
809,Ava Murray,Dublin,Tallaght,Platinum,Online,Retail Customer,2021-06-09
810,Lucy Doyle,Kildare,Kildare,Gold,Store,Retail Customer,2021-10-04
811,Amelia Gallagher,Limerick,Limerick,Silver,Mixed,Retail Customer,2023-02-10
812,Grace Reilly,Wicklow,Bray,Gold,Online,Retail Customer,2021-10-02
813,Daniel Moore,Limerick,Limerick,Bronze,Online,Retail Customer,2024-11-04
814,Noah Ryan,Kilkenny,Kilkenny,Silver,Mixed,Retail Customer,2020-03-06
815,Liam Ryan,Dublin,Swords,Bronze,Store,Retail Customer,2023-08-19
816,Ella Murphy,Kildare,Kildare,Platinum,Mixed,Retail Customer,2023-10-23
817,Aoife O'Brien,Kilkenny,Kilkenny,Bronze,Online,Retail Customer,2025-06-09
818,Cillian Gallagher,Dublin,Tallaght,Silver,Online,Retail Customer,2020-08-24
819,Anna Gallagher,Dublin,Swords,Silver,Online,Retail Customer,2020-10-23
820,Isla Walsh,Dublin,Swords,Bronze,Mixed,Retail Customer,2025-12-26
821,Ava Kennedy,Clare,Ennis,Silver,Mixed,Retail Customer,2020-07-01
822,Mia Byrne,Clare,Ennis,Bronze,Mixed,Retail Customer,2023-05-30
823,Liam Doyle,Waterford,Waterford,Gold,Online,Retail Customer,2024-02-05
824,Finn Nolan,Cork,Cork,Bronze,Online,Retail Customer,2021-08-24
825,Liam Murphy,Clare,Ennis,Bronze,Store,Retail Customer,2020-09-08
826,Jack Dunne,Clare,Ennis,Bronze,Store,Retail Customer,2020-11-10
827,Amelia Byrne,Cork,Cork,Gold,Online,Retail Customer,2023-07-09
828,James Ryan,Dublin,Swords,Silver,Store,Retail Customer,2024-09-05
829,Anna Kennedy,Dublin,Swords,Silver,Mixed,Retail Customer,2023-09-27
830,Finn O'Brien,Dublin,Tallaght,Bronze,Online,Retail Customer,2023-08-09
831,Daniel Murphy,Wicklow,Bray,Bronze,Mixed,Wholesale Partner,2020-03-15
832,Ella Murray,Clare,Ennis,Silver,Mixed,Retail Customer,2024-01-24
833,Ava O'Brien,Kildare,Newbridge,Bronze,Mixed,Retail Customer,2023-12-08
834,Isla Fitzgerald,Cork,Cork,Platinum,Online,Retail Customer,2020-09-06
835,Jack O'Brien,Dublin,Tallaght,Silver,Store,Retail Customer,2020-07-11
836,Ciara Quinn,Limerick,Limerick,Bronze,Online,Retail Customer,2020-12-16
837,Grace O'Brien,Cork,Cork,Platinum,Mixed,Retail Customer,2025-03-30
838,Ava Byrne,Cork,Cork,Bronze,Mixed,Retail Customer,2022-10-19
839,Aoife Murphy,Kilkenny,Kilkenny,Gold,Online,Retail Customer,2022-12-11
840,Rían Smith,Wicklow,Bray,Silver,Mixed,Wholesale Partner,2025-08-14
841,Ciara Quinn,Galway,Galway,Silver,Mixed,Retail Customer,2024-04-12
842,Conor Moore,Kildare,Kildare,Bronze,Store,Wholesale Partner,2021-08-23
843,Conor Moore,Kilkenny,Kilkenny,Silver,Online,Retail Customer,2022-01-21
844,Chloe Murphy,Limerick,Limerick,Silver,Mixed,Retail Customer,2022-01-24
845,Finn Quinn,Wicklow,Wicklow,Silver,Mixed,Retail Customer,2020-07-23
846,Anna Reilly,Kilkenny,Kilkenny,Silver,Store,Retail Customer,2021-12-11
847,Amelia Byrne,Dublin,Tallaght,Platinum,Online,Retail Customer,2024-01-30
848,James Murphy,Galway,Galway,Bronze,Store,Retail Customer,2024-01-14
849,Noah Kelly,Kildare,Newbridge,Platinum,Online,Retail Customer,2024-05-26
850,Sophie Smith,Kildare,Naas,Gold,Store,Retail Customer,2024-05-24
851,Aoife Quinn,Dublin,Tallaght,Bronze,Mixed,Retail Customer,2020-02-10
852,Sarah Reilly,Wicklow,Bray,Bronze,Online,Retail Customer,2024-04-28
853,Emily Byrne,Galway,Galway,Platinum,Online,Retail Customer,2023-09-16
854,Chloe Doyle,Dublin,Tallaght,Gold,Online,Retail Customer,2021-08-16
855,Grace Quinn,Wicklow,Bray,Bronze,Store,Retail Customer,2021-07-03
856,Sophie Dunne,Clare,Ennis,Gold,Online,Wholesale Partner,2025-12-23
857,Noah McCarthy,Dublin,Swords,Silver,Mixed,Retail Customer,2022-12-07
858,Jack Fitzgerald,Wicklow,Bray,Bronze,Mixed,Retail Customer,2025-02-26
859,Sophie Walsh,Dublin,Dublin,Gold,Online,Retail Customer,2021-11-25
860,Aoife O'Brien,Clare,Ennis,Gold,Online,Retail Customer,2022-04-12
861,Cillian Moore,Limerick,Limerick,Platinum,Online,Wholesale Partner,2024-04-18
862,Cillian Murray,Dublin,Tallaght,Silver,Mixed,Retail Customer,2024-12-05
863,Emily Ryan,Dublin,Swords,Silver,Store,Retail Customer,2023-09-16
864,Mia Gallagher,Meath,Navan,Gold,Online,Retail Customer,2021-09-03
865,Emily Nolan,Kilkenny,Kilkenny,Silver,Mixed,Retail Customer,2021-12-12
866,Amelia Fitzgerald,Meath,Trim,Silver,Online,Retail Customer,2020-05-13
867,Noah Moore,Wicklow,Bray,Gold,Mixed,Retail Customer,2023-04-20
868,Anna Walsh,Galway,Galway,Bronze,Online,Retail Customer,2025-03-12
869,Daniel Ryan,Cork,Cork,Silver,Store,Retail Customer,2024-01-04
870,Noah Murphy,Cork,Cork,Silver,Online,Retail Customer,2022-01-05
871,Amelia Murray,Kildare,Kildare,Platinum,Online,Retail Customer,2022-06-27
872,Cillian Kelly,Meath,Trim,Gold,Store,Retail Customer,2020-04-30
873,Conor Lynch,Cork,Cork,Platinum,Online,Retail Customer,2023-04-07
874,Ciara Lynch,Galway,Galway,Gold,Mixed,Wholesale Partner,2021-06-01
875,Daniel Murray,Dublin,Tallaght,Bronze,Online,Retail Customer,2020-04-25
876,Isla Kelly,Dublin,Dublin,Silver,Store,Retail Customer,2025-12-27
877,Chloe Kelly,Kildare,Kildare,Silver,Mixed,Retail Customer,2021-02-04
878,Ella Kennedy,Galway,Galway,Silver,Mixed,Retail Customer,2020-07-19
879,James Reilly,Waterford,Waterford,Gold,Online,Retail Customer,2021-12-01
880,Anna Doyle,Galway,Galway,Bronze,Mixed,Retail Customer,2021-04-10
881,Ciara Healy,Cork,Cork,Bronze,Online,Retail Customer,2025-07-23
882,Anna Nolan,Waterford,Waterford,Gold,Online,Retail Customer,2023-03-08
883,Ciara Reilly,Cork,Cork,Bronze,Store,Retail Customer,2021-04-05
884,Liam Dunne,Dublin,Dublin,Bronze,Online,Retail Customer,2022-04-20
885,Sarah Murray,Kilkenny,Kilkenny,Platinum,Online,Retail Customer,2024-09-11
886,Grace Murphy,Kilkenny,Kilkenny,Silver,Online,Retail Customer,2021-06-10
887,Ciara Kennedy,Dublin,Dublin,Bronze,Store,Retail Customer,2025-09-15
888,Chloe McCarthy,Kildare,Naas,Silver,Online,Retail Customer,2025-11-14
889,Noah O'Brien,Clare,Ennis,Silver,Mixed,Retail Customer,2020-05-24
890,James Kelly,Cork,Cork,Silver,Online,Retail Customer,2024-12-30
891,Aoife Murray,Waterford,Waterford,Bronze,Online,Retail Customer,2023-03-24
892,Daniel Ryan,Meath,Navan,Gold,Mixed,Retail Customer,2021-12-22
893,Ava Quinn,Dublin,Tallaght,Bronze,Mixed,Wholesale Partner,2023-07-26
894,Daniel Kelly,Kildare,Newbridge,Bronze,Store,Retail Customer,2023-11-25
895,Finn McCarthy,Galway,Galway,Gold,Mixed,Retail Customer,2020-02-29
896,Grace Quinn,Clare,Ennis,Bronze,Online,Retail Customer,2023-02-01
897,Grace Fitzgerald,Galway,Galway,Silver,Online,Retail Customer,2024-10-24
898,James Doyle,Dublin,Tallaght,Gold,Online,Wholesale Partner,2021-10-17
899,Jack O'Brien,Dublin,Dublin,Silver,Online,Retail Customer,2022-09-14
900,Ella Fitzgerald,Limerick,Limerick,Bronze,Online,Retail Customer,2021-04-11
901,Jack Reilly,Limerick,Limerick,Gold,Mixed,Retail Customer,2021-09-16
902,Ella Kennedy,Waterford,Waterford,Bronze,Store,Retail Customer,2024-01-18
903,Jack Byrne,Dublin,Tallaght,Bronze,Mixed,Retail Customer,2021-03-27
904,Sophie Healy,Dublin,Dublin,Silver,Online,Retail Customer,2024-01-28
905,Grace O'Brien,Dublin,Tallaght,Silver,Online,Retail Customer,2021-05-20
906,Conor Murray,Kildare,Newbridge,Platinum,Store,Retail Customer,2024-08-20
907,Noah Kennedy,Galway,Galway,Silver,Online,Retail Customer,2022-01-08
908,Liam Quinn,Waterford,Waterford,Bronze,Online,Retail Customer,2020-10-22
909,Jack Fitzgerald,Dublin,Dublin,Bronze,Mixed,Retail Customer,2023-05-18
910,Jack Murphy,Dublin,Dublin,Gold,Online,Retail Customer,2024-12-09
911,Finn Doyle,Kildare,Naas,Silver,Mixed,Retail Customer,2022-03-11
912,Isla Byrne,Wicklow,Wicklow,Silver,Mixed,Retail Customer,2024-04-05
913,James Murphy,Dublin,Dublin,Silver,Store,Retail Customer,2024-10-02
914,Ava Fitzgerald,Dublin,Dublin,Bronze,Online,Distributor,2024-03-31
915,Grace Ryan,Dublin,Swords,Silver,Online,Retail Customer,2025-05-07
916,Noah Walsh,Wicklow,Wicklow,Silver,Store,Retail Customer,2025-05-14
917,Ciara Quinn,Waterford,Waterford,Platinum,Mixed,Retail Customer,2021-03-20
918,Lucy Dunne,Dublin,Swords,Silver,Online,Retail Customer,2025-03-07
919,Rían Walsh,Galway,Galway,Silver,Online,Retail Customer,2023-12-09
920,Ella O'Brien,Dublin,Tallaght,Gold,Store,Retail Customer,2022-03-16
921,Michael Healy,Cork,Cork,Silver,Online,Retail Customer,2021-01-08
922,Amelia Dunne,Meath,Trim,Bronze,Online,Retail Customer,2020-05-30
923,Noah Byrne,Galway,Galway,Silver,Online,Retail Customer,2025-02-23
924,Finn Dunne,Cork,Cork,Platinum,Store,Retail Customer,2021-08-11
925,Ava Reilly,Dublin,Swords,Bronze,Mixed,Wholesale Partner,2022-02-25
926,Aoife Murray,Waterford,Waterford,Gold,Store,Retail Customer,2023-07-12
927,Anna Nolan,Meath,Trim,Bronze,Online,Retail Customer,2020-10-03
928,Lucy Gallagher,Dublin,Dublin,Bronze,Store,Retail Customer,2024-03-31
929,Grace Healy,Cork,Cork,Bronze,Store,Retail Customer,2025-01-10
930,Emily Kelly,Waterford,Waterford,Gold,Online,Distributor,2025-08-01
931,Daniel McCarthy,Dublin,Dublin,Silver,Online,Retail Customer,2023-10-16
932,Conor McCarthy,Galway,Galway,Bronze,Online,Retail Customer,2023-10-16
933,Conor Nolan,Kildare,Naas,Silver,Mixed,Retail Customer,2025-01-01
934,Cillian Walsh,Cork,Cork,Bronze,Online,Retail Customer,2023-10-14
935,Ciara Murray,Wicklow,Bray,Silver,Mixed,Retail Customer,2025-07-26
936,Aoife Murray,Wicklow,Bray,Silver,Online,Retail Customer,2023-09-22
937,Daniel Doyle,Waterford,Waterford,Gold,Online,Retail Customer,2024-04-19
938,Cillian Moore,Dublin,Dublin,Bronze,Mixed,Distributor,2025-05-09
939,Noah McCarthy,Wicklow,Bray,Silver,Store,Wholesale Partner,2025-09-28
940,Liam Smith,Waterford,Waterford,Bronze,Mixed,Retail Customer,2022-07-18
941,Grace Healy,Cork,Cork,Bronze,Online,Retail Customer,2024-02-19
942,Grace Walsh,Limerick,Limerick,Platinum,Online,Retail Customer,2020-08-29
943,Liam O'Brien,Wicklow,Bray,Bronze,Mixed,Retail Customer,2025-06-14
944,Jack Smith,Limerick,Limerick,Gold,Online,Retail Customer,2020-02-16
945,Anna Quinn,Wicklow,Bray,Bronze,Mixed,Wholesale Partner,2023-05-17
946,Grace Kennedy,Limerick,Limerick,Bronze,Mixed,Retail Customer,2025-03-16
947,Cillian Dunne,Kilkenny,Kilkenny,Gold,Online,Retail Customer,2023-05-09
948,Ava Lynch,Dublin,Tallaght,Bronze,Store,Retail Customer,2024-01-11
949,Sarah Healy,Limerick,Limerick,Silver,Mixed,Wholesale Partner,2020-06-10
950,Isla Nolan,Dublin,Swords,Gold,Store,Retail Customer,2021-03-25
951,Sophie Kennedy,Dublin,Dublin,Silver,Store,Retail Customer,2022-01-10
952,Ciara Murphy,Clare,Ennis,Bronze,Online,Retail Customer,2022-05-06
953,Daniel Kelly,Dublin,Tallaght,Platinum,Online,Retail Customer,2020-06-13
954,Grace Healy,Cork,Cork,Platinum,Store,Retail Customer,2021-12-18
955,Amelia O'Brien,Limerick,Limerick,Silver,Online,Retail Customer,2024-01-21
956,Conor Murray,Limerick,Limerick,Bronze,Online,Retail Customer,2020-06-14
957,Ava Byrne,Clare,Ennis,Silver,Online,Retail Customer,2020-12-01
958,Ella Murphy,Galway,Galway,Gold,Mixed,Retail Customer,2025-10-26
959,Conor Byrne,Limerick,Limerick,Bronze,Mixed,Retail Customer,2022-05-19
960,Jack Murphy,Dublin,Swords,Bronze,Online,Retail Customer,2025-02-05
961,Ella Dunne,Dublin,Swords,Bronze,Online,Retail Customer,2023-03-17
962,Amelia Quinn,Limerick,Limerick,Bronze,Online,Retail Customer,2025-08-18
963,Jack Moore,Wicklow,Bray,Gold,Store,Retail Customer,2025-03-02
964,Cillian Fitzgerald,Dublin,Dublin,Silver,Store,Retail Customer,2021-09-27
965,Sophie Murphy,Limerick,Limerick,Bronze,Mixed,Retail Customer,2022-12-19
966,Jack Byrne,Limerick,Limerick,Gold,Online,Retail Customer,2023-12-08
967,Lucy Walsh,Clare,Ennis,Gold,Mixed,Retail Customer,2025-10-24
968,Sarah Byrne,Limerick,Limerick,Gold,Online,Wholesale Partner,2020-05-01
969,Aoife Murphy,Kildare,Newbridge,Gold,Mixed,Retail Customer,2020-07-21
970,Cillian Healy,Kildare,Kildare,Platinum,Online,Retail Customer,2025-02-16
971,Noah Ryan,Limerick,Limerick,Gold,Mixed,Retail Customer,2020-06-04
972,Rían Dunne,Clare,Ennis,Silver,Mixed,Retail Customer,2025-01-27
973,Isla Kennedy,Galway,Galway,Silver,Store,Retail Customer,2020-09-29
974,Jack Kelly,Kildare,Newbridge,Silver,Mixed,Retail Customer,2023-12-23
975,Sarah Moore,Dublin,Dublin,Bronze,Online,Retail Customer,2024-07-03
976,Anna Murphy,Kildare,Kildare,Silver,Online,Retail Customer,2020-06-25
977,Sophie Healy,Waterford,Waterford,Silver,Online,Wholesale Partner,2025-06-02
978,Jack Murphy,Cork,Cork,Bronze,Store,Retail Customer,2022-09-18
979,Ava Kennedy,Dublin,Swords,Silver,Online,Retail Customer,2020-05-29
980,Jack Kennedy,Kildare,Naas,Gold,Online,Retail Customer,2025-06-07
981,Amelia Gallagher,Dublin,Tallaght,Bronze,Store,Retail Customer,2023-06-25
982,Sarah Quinn,Dublin,Swords,Bronze,Online,Retail Customer,2025-03-08
983,Lucy Murray,Dublin,Swords,Gold,Online,Retail Customer,2025-09-17
984,Noah Gallagher,Waterford,Waterford,Silver,Mixed,Retail Customer,2024-06-27
985,Emily McCarthy,Galway,Galway,Bronze,Online,Retail Customer,2020-06-15
986,Finn Ryan,Dublin,Tallaght,Silver,Online,Retail Customer,2020-07-06
987,Anna Reilly,Kildare,Newbridge,Bronze,Online,Retail Customer,2024-07-07
988,Conor Reilly,Dublin,Swords,Silver,Store,Retail Customer,2024-05-30
989,Chloe Dunne,Meath,Trim,Silver,Mixed,Retail Customer,2025-05-09
990,Daniel McCarthy,Waterford,Waterford,Gold,Mixed,Retail Customer,2023-09-07
991,James Quinn,Clare,Ennis,Bronze,Store,Retail Customer,2024-07-20
992,Chloe Nolan,Meath,Navan,Bronze,Online,Retail Customer,2024-02-21
993,Jack Fitzgerald,Dublin,Dublin,Silver,Online,Distributor,2021-06-05
994,Rían Doyle,Dublin,Dublin,Silver,Online,Retail Customer,2021-10-09
995,Mia Byrne,Kilkenny,Kilkenny,Silver,Online,Retail Customer,2021-10-03
996,Rían O'Brien,Wicklow,Wicklow,Gold,Online,Retail Customer,2020-04-27
997,Grace Byrne,Dublin,Swords,Silver,Online,Retail Customer,2020-04-14
998,Sarah Quinn,Meath,Trim,Silver,Mixed,Retail Customer,2023-12-04
999,Emily Smith,Waterford,Waterford,Platinum,Mixed,Retail Customer,2020-06-30
1000,Aoife Healy,Wicklow,Wicklow,Gold,Store,Retail Customer,2020-10-05
