return_id,order_id,customer_id,product_id,return_date,return_reason,refund_amount,replacement_requested,scenario_phase
1,9200,240,83,2025-12-15,Delivery Delay,56.65,Yes,Current
2,6287,222,2,2025-01-04,Delivery Delay,190.48,No,Future
3,8653,752,37,2025-08-31,Delivery Delay,125.39,Yes,Current
4,10886,102,38,2025-08-12,Changed Mind,85.36,Yes,Future
5,7836,968,104,2024-08-02,Size Issue,139.19,No,Current
6,8294,409,101,2025-08-20,Changed Mind,118.06,No,Current
7,773,210,113,2025-01-04,Delivery Delay,93.79,Yes,Current
8,1198,187,88,2025-09-23,Damaged Product,37.31,Yes,Current
9,7522,311,71,2025-06-12,Damaged Product,97.66,Yes,Future
10,7708,553,84,2025-12-26,Changed Mind,77.2,No,Current
11,3817,383,92,2025-12-21,Size Issue,42.79,No,Current
12,4295,422,99,2025-11-15,Wrong Item,161.57,No,Current
13,11734,86,92,2025-06-21,Size Issue,36.33,Yes,Current
14,6519,282,112,2025-04-09,Damaged Product,146.91,No,Current
15,5997,801,53,2024-09-07,Wrong Item,95.63,Yes,Current
16,1072,610,32,2025-09-26,Size Issue,179.91,No,Future
17,1459,500,112,2025-08-07,Changed Mind,117.44,No,Current
18,2044,207,42,2025-05-08,Delivery Delay,59.73,Yes,Current
19,605,687,17,2025-11-02,Changed Mind,130.29,No,Current
20,4929,899,31,2025-11-13,Damaged Product,45.55,No,Current
21,3281,59,112,2024-07-14,Wrong Item,139.66,Yes,Current
22,505,759,18,2024-10-11,Delivery Delay,46.23,Yes,Current
23,7783,664,99,2025-12-04,Size Issue,135.14,No,Future
24,6662,588,89,2025-11-10,Size Issue,116.92,Yes,Current
25,8953,597,109,2025-11-30,Changed Mind,63.73,No,Current
26,2192,545,69,2025-12-30,Damaged Product,59.04,No,Future
27,9716,845,4,2025-12-25,Wrong Item,123.72,Yes,Current
28,5381,361,6,2025-12-16,Wrong Item,91.8,Yes,Current
29,1098,996,67,2024-05-13,Damaged Product,167.2,No,Current
30,8933,163,83,2024-05-20,Damaged Product,72.0,No,Current
31,6816,144,81,2025-12-30,Delivery Delay,82.79,No,Current
32,2328,824,111,2024-10-06,Size Issue,111.03,Yes,Current
33,4380,454,90,2025-06-23,Damaged Product,66.53,Yes,Current
34,8042,906,28,2025-08-31,Size Issue,121.83,Yes,Future
35,10124,70,1,2024-12-27,Wrong Item,109.57,Yes,Current
36,4361,481,63,2024-12-01,Changed Mind,39.03,Yes,Future
37,5505,296,16,2025-09-30,Delivery Delay,101.66,Yes,Current
38,3751,264,91,2025-12-19,Damaged Product,61.38,Yes,Current
39,913,798,42,2024-08-24,Delivery Delay,64.69,Yes,Current
40,11733,450,83,2024-11-28,Changed Mind,72.54,Yes,Current
41,8956,629,77,2025-03-30,Changed Mind,111.69,Yes,Current
42,5930,423,28,2025-12-28,Size Issue,112.75,No,Current
43,10,232,60,2025-09-21,Delivery Delay,106.69,No,Current
44,2169,398,95,2024-10-02,Delivery Delay,134.34,Yes,Current
45,526,923,93,2025-09-10,Changed Mind,104.99,Yes,Future
46,10218,712,86,2025-08-25,Delivery Delay,89.98,Yes,Current
47,1804,873,41,2024-03-14,Damaged Product,94.2,Yes,Current
48,2605,290,22,2024-11-29,Damaged Product,111.83,Yes,Current
49,10108,61,18,2025-12-30,Damaged Product,47.89,Yes,Current
50,11619,626,95,2025-12-01,Size Issue,118.21,Yes,Future
51,8950,238,54,2025-11-30,Delivery Delay,105.7,No,Current
52,7284,732,98,2025-12-12,Delivery Delay,141.09,No,Future
53,2634,155,12,2024-08-02,Damaged Product,173.99,Yes,Current
54,3662,23,91,2025-06-03,Damaged Product,74.42,Yes,Current
55,5385,991,64,2025-04-01,Size Issue,105.98,Yes,Future
56,4337,382,75,2025-04-01,Wrong Item,101.86,Yes,Current
57,11438,682,70,2025-07-10,Size Issue,102.73,Yes,Current
58,7192,141,102,2024-09-27,Changed Mind,59.84,Yes,Current
59,8031,459,73,2025-11-30,Changed Mind,20.0,No,Future
60,9082,856,72,2024-12-07,Delivery Delay,120.75,Yes,Current
61,10601,463,52,2025-06-18,Damaged Product,20.0,Yes,Current
62,11763,158,91,2025-08-20,Size Issue,65.91,Yes,Current
63,6588,627,82,2025-09-13,Changed Mind,118.04,No,Future
64,9870,688,66,2025-09-26,Wrong Item,93.34,Yes,Current
65,500,873,83,2025-12-21,Damaged Product,55.74,No,Future
66,9241,35,111,2025-06-24,Damaged Product,116.14,Yes,Current
67,5318,330,94,2025-11-18,Delivery Delay,44.53,Yes,Current
68,1958,174,50,2025-08-04,Delivery Delay,72.75,Yes,Current
69,5065,284,43,2025-12-26,Changed Mind,120.97,No,Future
70,9724,691,66,2025-06-06,Size Issue,99.05,No,Future
71,8462,328,62,2025-12-03,Size Issue,171.41,Yes,Current
72,8101,408,117,2025-08-05,Size Issue,96.21,Yes,Future
73,3833,91,14,2025-07-28,Size Issue,69.21,Yes,Current
74,5992,275,65,2024-11-09,Delivery Delay,57.67,Yes,Current
75,11317,236,33,2025-07-19,Changed Mind,171.14,Yes,Current
76,3471,399,116,2024-10-21,Changed Mind,119.47,No,Current
77,1256,695,115,2025-12-16,Changed Mind,92.75,Yes,Future
78,6335,233,26,2025-04-03,Changed Mind,112.44,Yes,Future
79,2320,215,75,2024-10-16,Changed Mind,103.6,No,Future
80,3277,88,104,2024-12-24,Damaged Product,118.04,Yes,Current
81,7929,860,4,2025-11-12,Damaged Product,113.07,No,Future
82,10058,329,18,2025-10-13,Delivery Delay,50.75,Yes,Current
83,9070,779,77,2025-03-14,Size Issue,118.9,Yes,Future
84,4114,127,120,2024-07-05,Size Issue,39.33,No,Future
85,792,372,76,2025-11-17,Wrong Item,91.02,Yes,Current
86,3394,487,72,2024-05-17,Delivery Delay,120.7,Yes,Current
87,9832,525,76,2025-11-28,Delivery Delay,118.24,Yes,Current
88,785,966,79,2025-10-05,Size Issue,137.45,Yes,Current
89,9657,915,62,2025-02-23,Damaged Product,126.46,Yes,Current
90,2168,117,117,2025-12-25,Size Issue,103.96,Yes,Current
91,1621,901,84,2024-05-14,Changed Mind,100.89,No,Current
92,8836,339,55,2025-10-04,Size Issue,62.28,No,Future
93,1755,560,106,2025-11-26,Damaged Product,27.79,Yes,Current
94,11082,721,33,2025-12-01,Size Issue,166.47,No,Future
95,5212,710,22,2025-12-25,Changed Mind,87.99,Yes,Future
96,10342,949,106,2025-08-10,Damaged Product,24.41,No,Current
97,3432,693,52,2025-08-25,Damaged Product,20.0,Yes,Future
98,11062,829,100,2025-12-11,Damaged Product,65.46,Yes,Current
99,4704,55,52,2025-08-01,Changed Mind,20.0,Yes,Future
100,10644,646,43,2025-09-22,Changed Mind,126.78,No,Current
101,599,428,36,2025-12-30,Delivery Delay,132.38,No,Future
102,11381,420,51,2025-12-26,Size Issue,95.96,No,Future
103,5943,228,31,2025-12-11,Changed Mind,64.46,No,Current
104,3787,28,41,2025-11-20,Size Issue,102.05,No,Current
105,3450,481,9,2025-12-29,Delivery Delay,95.91,Yes,Current
106,2823,214,29,2025-06-14,Wrong Item,122.47,No,Current
107,1017,475,110,2025-12-20,Damaged Product,149.81,No,Current
108,6941,67,30,2025-12-22,Damaged Product,26.83,No,Future
109,3792,714,76,2025-08-22,Wrong Item,101.94,Yes,Future
110,8526,824,27,2025-04-07,Wrong Item,123.45,Yes,Current
111,3243,854,58,2024-12-18,Changed Mind,83.98,No,Current
112,9283,491,57,2024-04-29,Changed Mind,127.41,Yes,Future
113,11874,902,13,2025-10-01,Changed Mind,100.29,No,Future
114,10635,745,82,2025-03-20,Delivery Delay,121.65,No,Current
115,7319,526,29,2025-01-19,Delivery Delay,107.09,Yes,Current
116,7236,336,52,2025-11-08,Damaged Product,20.0,Yes,Current
117,6882,735,14,2025-09-28,Wrong Item,74.95,No,Current
118,9536,298,48,2025-12-12,Size Issue,85.31,No,Current
119,2966,457,4,2025-05-19,Delivery Delay,137.53,No,Current
120,7452,968,2,2025-10-24,Wrong Item,148.53,No,Future
121,11292,493,14,2025-12-14,Changed Mind,79.51,Yes,Future
122,3885,543,79,2025-11-04,Size Issue,151.55,No,Future
123,9218,129,18,2025-06-06,Damaged Product,45.51,Yes,Current
124,7465,308,32,2025-12-11,Size Issue,159.49,No,Current
125,6973,94,76,2025-07-11,Damaged Product,112.38,No,Current
126,9007,553,21,2024-08-15,Changed Mind,36.57,Yes,Future
127,3280,24,37,2025-04-18,Size Issue,126.57,No,Future
128,8961,31,45,2025-06-11,Size Issue,25.28,Yes,Current
129,1287,401,102,2025-11-22,Damaged Product,50.15,Yes,Current
130,8325,904,83,2024-05-17,Damaged Product,58.09,Yes,Current
131,8815,595,43,2024-12-26,Changed Mind,99.92,Yes,Current
132,3798,105,35,2025-10-18,Delivery Delay,32.59,Yes,Current
133,88,121,80,2025-12-20,Size Issue,88.32,Yes,Future
134,9236,739,73,2025-03-30,Delivery Delay,20.0,No,Current
135,4065,146,48,2025-03-28,Delivery Delay,77.92,Yes,Current
136,235,950,115,2025-06-26,Size Issue,99.75,Yes,Future
137,9379,484,61,2025-02-06,Changed Mind,61.2,No,Future
138,11322,831,79,2025-08-14,Wrong Item,134.53,Yes,Current
139,7187,656,52,2025-10-11,Changed Mind,20.0,No,Future
140,4146,523,35,2024-08-12,Damaged Product,30.21,No,Future
141,1178,84,73,2024-10-09,Changed Mind,20.0,No,Current
142,10318,772,39,2024-08-15,Size Issue,118.65,Yes,Current
143,4639,444,76,2025-12-05,Changed Mind,107.02,No,Future
144,4510,572,41,2025-01-23,Damaged Product,95.02,Yes,Future
145,9596,189,7,2025-11-22,Wrong Item,151.62,Yes,Current
146,7563,254,52,2025-07-23,Delivery Delay,20.0,Yes,Current
147,11185,457,81,2025-06-30,Damaged Product,92.7,No,Future
148,8526,824,27,2025-06-12,Changed Mind,104.72,Yes,Current
149,2054,521,33,2025-11-04,Damaged Product,181.2,Yes,Current
150,9631,371,45,2025-04-19,Damaged Product,24.61,No,Current
151,6065,137,120,2025-12-24,Damaged Product,43.74,Yes,Future
152,9993,255,29,2025-12-09,Damaged Product,104.1,No,Current
153,1533,392,75,2025-08-14,Changed Mind,92.6,Yes,Current
154,5844,171,88,2025-12-09,Changed Mind,31.56,No,Future
155,11905,447,18,2025-02-20,Size Issue,49.1,Yes,Current
156,10700,958,112,2025-05-20,Changed Mind,145.34,No,Future
157,2590,344,67,2025-12-21,Delivery Delay,151.14,Yes,Current
158,10498,162,54,2025-09-15,Size Issue,82.25,Yes,Future
159,695,11,33,2024-05-14,Changed Mind,165.06,Yes,Current
160,4630,383,100,2025-08-04,Changed Mind,81.77,Yes,Future
161,7045,468,80,2025-08-02,Damaged Product,93.47,Yes,Current
162,874,147,90,2025-10-23,Wrong Item,80.3,No,Current
163,4833,110,13,2025-03-05,Wrong Item,90.68,No,Current
164,11430,321,56,2025-12-18,Size Issue,159.96,Yes,Future
165,10690,196,10,2025-12-26,Size Issue,69.62,No,Future
166,3270,208,11,2025-12-30,Size Issue,31.1,No,Future
167,8498,995,73,2025-06-22,Delivery Delay,20.0,Yes,Current
168,8048,20,51,2025-08-07,Damaged Product,94.98,No,Current
169,11834,52,24,2025-12-11,Delivery Delay,123.39,Yes,Future
170,6056,382,56,2025-01-26,Damaged Product,132.69,Yes,Current
171,2558,515,23,2025-05-19,Changed Mind,66.6,Yes,Current
172,1322,19,107,2025-08-03,Delivery Delay,42.13,Yes,Current
173,8457,284,63,2024-08-05,Damaged Product,41.79,Yes,Current
174,5381,361,6,2025-12-02,Damaged Product,108.6,Yes,Current
175,11782,898,52,2025-10-08,Damaged Product,20.0,No,Current
176,6147,529,73,2025-11-13,Size Issue,20.0,Yes,Current
177,6555,678,64,2025-12-05,Size Issue,90.66,Yes,Future
178,3312,994,3,2025-02-06,Damaged Product,154.44,No,Future
179,9070,779,77,2024-06-11,Size Issue,124.64,Yes,Future
180,11418,259,67,2025-11-29,Size Issue,162.03,No,Future
181,5165,317,34,2025-12-30,Delivery Delay,93.27,Yes,Current
182,11621,452,2,2025-06-01,Damaged Product,198.96,Yes,Current
183,11502,179,50,2025-01-08,Size Issue,77.83,No,Future
184,8124,229,56,2025-12-21,Wrong Item,132.57,No,Current
185,787,288,103,2025-07-15,Size Issue,111.24,Yes,Current
186,2322,62,54,2025-10-26,Size Issue,103.35,No,Current
187,4591,965,57,2025-07-12,Wrong Item,132.83,Yes,Current
188,5307,651,4,2025-12-15,Wrong Item,110.43,No,Current
189,685,124,97,2025-09-06,Delivery Delay,50.3,No,Future
190,7160,700,63,2025-09-22,Changed Mind,42.97,No,Future
191,11803,983,20,2025-08-25,Damaged Product,73.65,No,Future
192,11198,475,56,2024-01-29,Delivery Delay,135.04,Yes,Current
193,3946,567,50,2024-07-23,Changed Mind,85.31,Yes,Current
194,2872,3,7,2025-03-27,Changed Mind,158.72,Yes,Future
195,5659,213,98,2025-10-19,Damaged Product,177.85,No,Future
196,5195,752,86,2025-12-19,Size Issue,84.27,Yes,Future
197,6583,581,101,2025-11-05,Damaged Product,108.44,No,Current
198,6312,472,22,2025-07-06,Size Issue,114.67,No,Current
199,11438,682,70,2025-04-26,Wrong Item,107.32,Yes,Current
200,5018,381,38,2025-08-27,Delivery Delay,87.56,No,Current
201,7730,46,82,2025-09-01,Changed Mind,102.55,Yes,Future
202,3403,314,66,2025-12-15,Damaged Product,97.03,Yes,Current
203,1596,910,56,2024-11-14,Size Issue,153.78,Yes,Current
204,1940,391,67,2025-07-25,Size Issue,210.0,Yes,Future
205,2570,727,79,2025-12-04,Size Issue,136.26,Yes,Current
206,7504,24,52,2025-11-17,Damaged Product,20.0,No,Current
207,9751,65,94,2024-11-19,Changed Mind,45.34,No,Future
208,5103,321,88,2025-05-20,Changed Mind,31.75,Yes,Future
209,6592,237,54,2025-07-23,Size Issue,80.26,No,Future
210,2838,826,29,2025-10-01,Damaged Product,100.06,Yes,Current
211,4700,881,13,2025-11-22,Size Issue,90.53,No,Future
212,4800,617,22,2024-04-27,Size Issue,98.92,No,Future
213,4287,137,18,2025-09-03,Size Issue,37.59,No,Future
214,3099,135,34,2025-12-23,Delivery Delay,102.95,Yes,Current
215,5024,531,89,2024-10-17,Changed Mind,107.42,No,Current
216,100,762,51,2024-08-17,Damaged Product,85.36,No,Current
217,11110,184,52,2025-02-25,Changed Mind,20.0,No,Future
218,9932,892,94,2025-04-15,Delivery Delay,46.29,Yes,Current
219,4581,224,19,2025-10-28,Size Issue,117.95,Yes,Future
220,3053,920,100,2024-09-20,Delivery Delay,64.79,No,Current
221,2593,775,58,2025-08-03,Delivery Delay,114.93,Yes,Current
222,4663,902,32,2025-06-18,Damaged Product,167.54,Yes,Future
223,708,8,1,2025-08-11,Wrong Item,110.65,Yes,Current
224,4374,593,102,2024-05-27,Damaged Product,48.1,Yes,Current
225,3244,70,45,2025-11-20,Size Issue,23.91,No,Current
226,8504,844,15,2025-09-02,Damaged Product,58.87,Yes,Current
227,10900,538,42,2025-08-17,Delivery Delay,60.08,Yes,Current
228,9517,848,59,2025-04-03,Delivery Delay,80.84,Yes,Current
229,1042,233,68,2025-12-12,Changed Mind,65.59,Yes,Future
230,1566,587,57,2025-10-05,Delivery Delay,121.68,No,Future
231,168,479,5,2025-11-29,Wrong Item,99.38,Yes,Current
232,3046,684,58,2024-10-19,Wrong Item,91.91,No,Current
233,2994,717,55,2025-09-29,Changed Mind,58.27,No,Current
234,3461,441,118,2025-03-23,Damaged Product,138.81,No,Current
235,7470,580,59,2025-04-09,Wrong Item,78.76,Yes,Current
236,11524,562,26,2025-11-20,Changed Mind,105.57,Yes,Current
237,6073,915,63,2024-07-19,Delivery Delay,48.5,No,Current
238,2441,733,100,2025-11-20,Changed Mind,77.15,No,Future
239,3455,93,24,2024-04-14,Wrong Item,146.81,Yes,Current
240,712,171,56,2025-08-05,Delivery Delay,154.68,Yes,Current
241,5289,132,24,2025-04-22,Damaged Product,109.2,No,Future
242,11652,824,52,2025-09-02,Size Issue,20.0,Yes,Future
243,2770,859,89,2025-05-16,Delivery Delay,131.35,Yes,Current
244,5727,154,89,2025-10-12,Changed Mind,113.68,Yes,Current
245,6302,766,86,2024-12-05,Size Issue,93.55,Yes,Current
246,119,284,90,2025-07-08,Delivery Delay,75.94,Yes,Current
247,11417,913,83,2025-12-27,Damaged Product,57.0,No,Future
248,8480,125,70,2025-06-06,Delivery Delay,106.38,Yes,Current
249,5169,181,109,2025-05-07,Size Issue,46.7,No,Future
250,10051,880,72,2025-12-12,Size Issue,125.7,No,Future
251,11054,447,83,2025-10-07,Delivery Delay,73.25,No,Current
252,7269,974,9,2025-10-08,Wrong Item,98.03,Yes,Current
253,6008,435,67,2024-11-11,Changed Mind,207.29,Yes,Current
254,178,257,90,2025-06-01,Size Issue,57.88,No,Future
255,5208,976,68,2025-09-25,Delivery Delay,63.13,Yes,Current
256,9401,257,7,2025-12-12,Damaged Product,120.68,No,Current
257,4501,434,6,2025-12-27,Wrong Item,98.56,No,Current
258,11401,132,19,2025-12-30,Delivery Delay,117.45,No,Future
259,11208,546,7,2025-08-13,Delivery Delay,126.67,Yes,Current
260,4981,860,85,2025-09-12,Wrong Item,111.26,No,Current
261,5649,796,79,2024-11-14,Damaged Product,157.67,Yes,Current
262,4112,350,90,2025-12-21,Size Issue,65.82,No,Future
263,10699,820,87,2025-06-04,Damaged Product,80.49,Yes,Current
264,5352,904,8,2025-10-13,Size Issue,45.32,Yes,Future
265,11062,829,100,2025-11-29,Wrong Item,74.08,Yes,Current
266,5346,902,96,2024-05-16,Wrong Item,44.27,Yes,Current
267,2190,656,15,2025-07-03,Wrong Item,57.7,Yes,Current
268,2311,88,77,2025-03-18,Delivery Delay,102.05,Yes,Current
269,808,38,81,2025-07-15,Damaged Product,101.32,Yes,Future
270,4103,753,40,2025-05-25,Delivery Delay,28.89,Yes,Current
271,6254,542,110,2025-03-12,Damaged Product,143.32,Yes,Current
272,10277,673,12,2025-06-29,Wrong Item,169.92,No,Future
273,11285,928,66,2025-11-23,Changed Mind,92.94,No,Current
274,11929,580,18,2025-10-21,Delivery Delay,38.07,No,Current
275,950,541,58,2025-11-26,Wrong Item,100.37,Yes,Current
276,11002,840,57,2024-03-16,Wrong Item,124.06,No,Current
277,1210,575,30,2025-01-12,Changed Mind,25.81,Yes,Current
278,1789,883,22,2025-12-17,Delivery Delay,99.15,Yes,Current
279,9659,483,106,2025-11-26,Changed Mind,23.23,No,Current
280,4620,960,4,2025-10-15,Delivery Delay,138.07,Yes,Current
281,4691,155,76,2025-12-05,Delivery Delay,115.8,No,Current
282,4411,479,8,2025-09-17,Damaged Product,57.35,No,Current
283,3435,464,95,2025-12-05,Delivery Delay,141.3,Yes,Current
284,11304,959,56,2025-04-30,Delivery Delay,165.65,No,Current
285,3950,792,1,2024-11-09,Changed Mind,116.28,No,Current
286,11213,990,56,2025-12-30,Changed Mind,162.31,No,Current
287,493,867,69,2025-02-19,Changed Mind,79.26,No,Current
288,2621,394,74,2025-10-26,Changed Mind,95.46,No,Current
289,3215,732,94,2024-08-08,Size Issue,44.65,Yes,Future
290,7406,506,72,2025-07-12,Damaged Product,128.38,No,Current
291,2490,761,103,2025-09-26,Size Issue,94.26,Yes,Current
292,992,113,32,2025-06-05,Damaged Product,163.54,No,Current
293,885,423,55,2024-12-02,Size Issue,60.96,Yes,Current
294,4698,337,82,2024-04-17,Wrong Item,113.39,No,Current
295,2125,45,7,2025-09-02,Delivery Delay,143.15,Yes,Current
296,843,321,110,2024-08-07,Size Issue,147.42,No,Current
297,5877,605,62,2025-11-15,Damaged Product,132.93,No,Current
298,7640,376,41,2025-05-10,Size Issue,105.87,Yes,Current
299,693,947,76,2024-04-30,Damaged Product,105.55,Yes,Future
300,9327,959,14,2025-05-20,Damaged Product,70.47,Yes,Current
301,1531,865,95,2025-05-17,Damaged Product,125.51,No,Current
302,2223,832,63,2025-12-23,Changed Mind,48.79,Yes,Current
303,3318,495,93,2025-11-08,Delivery Delay,113.57,Yes,Future
304,351,265,20,2025-07-02,Delivery Delay,80.22,No,Current
305,6948,816,119,2025-04-17,Delivery Delay,20.0,Yes,Current
306,6572,79,54,2025-02-16,Delivery Delay,92.67,No,Current
307,3995,140,108,2025-12-30,Changed Mind,35.4,Yes,Future
308,3508,546,38,2025-10-16,Size Issue,80.42,No,Future
309,1634,461,120,2025-04-17,Wrong Item,37.06,Yes,Current
310,1481,607,52,2024-12-25,Damaged Product,20.0,Yes,Current
311,2679,131,25,2025-09-01,Damaged Product,26.27,Yes,Current
312,1016,783,120,2025-12-03,Size Issue,43.34,No,Future
313,1449,646,45,2025-12-30,Changed Mind,28.04,Yes,Future
314,1454,274,22,2025-09-05,Damaged Product,111.4,Yes,Current
315,3553,472,15,2024-08-14,Changed Mind,65.05,Yes,Current
316,1459,500,112,2025-10-11,Delivery Delay,119.26,Yes,Current
317,4895,661,104,2024-12-31,Damaged Product,145.01,Yes,Current
318,9487,785,79,2025-05-07,Changed Mind,174.71,No,Future
319,4267,530,24,2025-08-15,Delivery Delay,128.32,Yes,Future
320,9695,594,65,2025-02-05,Delivery Delay,57.73,No,Current
321,8303,322,84,2025-09-11,Damaged Product,93.74,Yes,Current
322,11160,410,74,2025-12-25,Damaged Product,99.51,Yes,Current
323,4785,264,104,2024-09-08,Changed Mind,144.41,Yes,Current
324,10427,424,92,2025-12-22,Damaged Product,38.67,No,Current
325,6838,597,120,2025-11-26,Delivery Delay,40.1,Yes,Current
326,7750,241,102,2024-05-27,Delivery Delay,64.39,Yes,Future
327,6660,546,9,2025-10-10,Changed Mind,79.8,Yes,Current
328,6037,519,1,2025-11-11,Wrong Item,109.56,No,Current
329,5962,825,108,2025-12-14,Wrong Item,46.72,No,Current
330,2283,548,66,2025-08-17,Size Issue,83.71,Yes,Current
331,3997,196,80,2025-02-24,Delivery Delay,96.74,No,Current
332,4400,681,114,2025-11-28,Changed Mind,62.67,No,Future
333,674,855,24,2025-11-29,Delivery Delay,135.1,No,Current
334,2971,29,56,2025-12-15,Damaged Product,120.1,No,Current
335,6516,888,111,2024-12-01,Damaged Product,107.0,No,Current
336,7169,944,27,2025-10-21,Size Issue,148.06,No,Current
337,2067,750,110,2025-07-21,Damaged Product,147.18,Yes,Current
338,6108,823,61,2025-08-25,Size Issue,62.94,No,Current
339,10657,607,89,2025-05-18,Wrong Item,138.09,Yes,Current
340,7685,545,35,2025-07-31,Damaged Product,36.62,No,Current
341,5100,879,98,2025-03-13,Delivery Delay,135.98,Yes,Current
342,8644,839,16,2025-01-04,Size Issue,98.51,No,Future
343,4612,144,89,2025-12-23,Delivery Delay,109.95,Yes,Current
344,8793,677,61,2024-11-03,Size Issue,60.76,Yes,Future
345,8997,755,117,2025-12-02,Delivery Delay,120.82,No,Current
346,4401,512,107,2025-07-02,Wrong Item,35.94,Yes,Current
347,3828,826,15,2025-10-19,Damaged Product,65.79,Yes,Current
348,5338,523,103,2025-07-16,Size Issue,98.51,No,Future
349,8327,478,117,2024-12-18,Size Issue,125.04,No,Current
350,9676,568,36,2025-11-24,Damaged Product,161.29,No,Current
351,10447,546,68,2025-12-13,Changed Mind,63.6,Yes,Future
352,7269,974,9,2025-09-22,Damaged Product,92.42,No,Current
353,5421,25,31,2024-03-18,Delivery Delay,49.61,Yes,Current
354,1855,620,108,2025-09-05,Damaged Product,43.47,No,Current
355,3960,974,81,2025-12-17,Size Issue,107.21,No,Future
356,1022,813,71,2025-09-10,Size Issue,128.76,No,Future
357,1263,396,114,2024-05-22,Changed Mind,72.63,No,Future
358,9757,925,62,2025-03-18,Wrong Item,131.59,No,Current
359,6350,7,88,2025-07-12,Wrong Item,36.89,Yes,Future
360,10412,356,23,2025-09-05,Delivery Delay,76.86,Yes,Current
361,477,673,107,2025-01-07,Damaged Product,38.16,Yes,Future
362,7100,442,46,2025-02-25,Delivery Delay,102.67,No,Current
363,8307,807,102,2025-05-29,Damaged Product,62.62,Yes,Current
364,646,653,5,2025-12-08,Size Issue,108.33,Yes,Current
365,3533,387,75,2024-06-30,Delivery Delay,97.31,No,Current
366,5303,115,29,2024-12-11,Delivery Delay,109.98,Yes,Current
367,1060,525,5,2025-10-28,Size Issue,103.06,No,Future
368,11847,427,41,2024-06-02,Changed Mind,101.8,Yes,Current
369,11922,400,3,2025-05-21,Changed Mind,140.77,Yes,Future
370,7244,990,99,2025-12-08,Size Issue,126.68,Yes,Future
371,10811,967,66,2025-11-25,Changed Mind,104.84,Yes,Current
372,3107,785,92,2025-04-23,Size Issue,43.02,Yes,Current
373,2078,692,47,2025-06-20,Changed Mind,134.59,Yes,Current
374,2040,157,104,2025-11-16,Delivery Delay,122.89,No,Future
375,2444,761,29,2025-05-06,Delivery Delay,127.12,No,Current
376,11782,898,52,2025-11-11,Delivery Delay,20.0,Yes,Current
377,3185,707,41,2025-12-08,Size Issue,82.87,Yes,Future
378,426,950,4,2024-11-19,Delivery Delay,104.5,Yes,Current
379,1522,458,88,2025-07-18,Wrong Item,40.77,Yes,Current
380,7633,782,79,2025-05-21,Size Issue,139.98,Yes,Future
381,7355,880,87,2025-12-08,Damaged Product,65.31,Yes,Current
382,1424,949,36,2024-10-20,Size Issue,151.6,Yes,Future
383,7489,671,48,2025-07-25,Size Issue,91.08,No,Future
384,7180,163,23,2025-09-10,Delivery Delay,66.6,Yes,Current
385,2462,47,44,2025-09-17,Damaged Product,81.35,Yes,Future
386,7047,883,78,2025-11-11,Delivery Delay,57.53,Yes,Current
387,219,538,119,2024-07-26,Size Issue,20.0,Yes,Future
388,10949,260,26,2025-08-30,Delivery Delay,102.14,Yes,Current
389,9043,897,114,2025-07-14,Delivery Delay,78.77,Yes,Current
390,4881,476,99,2025-09-04,Size Issue,149.85,Yes,Current
391,2659,151,116,2025-12-17,Size Issue,115.36,No,Current
392,7231,88,13,2025-05-26,Delivery Delay,102.51,Yes,Current
393,7924,438,114,2025-02-21,Wrong Item,68.2,Yes,Current
394,6806,336,22,2025-05-22,Damaged Product,109.83,No,Current
395,6336,52,64,2025-07-19,Damaged Product,80.82,Yes,Current
396,10852,78,99,2025-10-06,Wrong Item,168.81,Yes,Current
397,4933,859,8,2025-04-09,Delivery Delay,56.38,No,Current
398,9679,713,26,2025-07-31,Size Issue,92.27,No,Future
399,11039,357,62,2025-12-15,Delivery Delay,159.15,Yes,Future
400,2826,528,64,2025-10-28,Wrong Item,78.31,Yes,Current
401,1043,563,31,2025-12-27,Wrong Item,59.34,Yes,Current
402,5305,954,96,2025-11-14,Delivery Delay,44.09,Yes,Current
403,1601,877,10,2025-12-20,Size Issue,55.24,No,Current
404,6481,452,44,2024-03-02,Damaged Product,90.57,Yes,Future
405,6842,109,74,2025-11-11,Size Issue,84.41,Yes,Future
406,2834,744,59,2025-12-02,Delivery Delay,70.28,No,Future
407,10342,949,106,2025-12-20,Delivery Delay,21.0,Yes,Current
408,10161,58,95,2025-12-28,Changed Mind,139.14,No,Future
409,8988,625,2,2024-10-13,Wrong Item,188.49,Yes,Current
410,9449,740,33,2025-08-10,Wrong Item,212.49,No,Current
411,10206,163,111,2025-08-07,Delivery Delay,131.19,No,Current
412,3709,878,108,2025-11-09,Size Issue,42.33,Yes,Future
413,8266,743,116,2025-08-10,Size Issue,127.4,Yes,Current
414,1743,467,46,2025-12-26,Changed Mind,86.02,No,Future
415,5742,561,83,2025-01-08,Damaged Product,53.37,Yes,Future
416,6096,787,78,2025-09-14,Size Issue,42.93,Yes,Future
417,11185,457,81,2025-06-06,Changed Mind,107.62,Yes,Future
418,2652,190,15,2025-12-22,Damaged Product,64.22,Yes,Current
419,11227,663,13,2025-12-12,Damaged Product,97.94,No,Current
420,3195,795,34,2025-09-19,Size Issue,88.3,No,Current
421,9678,126,109,2025-11-23,Delivery Delay,46.82,No,Current
422,6801,345,8,2025-06-21,Wrong Item,53.45,No,Current
423,7482,835,10,2025-12-10,Changed Mind,73.93,Yes,Current
424,9867,260,24,2025-12-03,Wrong Item,115.78,Yes,Current
425,2415,762,5,2025-11-19,Delivery Delay,135.23,Yes,Current
426,11672,665,27,2025-07-04,Wrong Item,147.39,Yes,Current
427,2004,850,112,2025-12-28,Changed Mind,125.35,Yes,Future
428,7326,53,7,2025-12-24,Size Issue,148.86,Yes,Future
429,2039,693,56,2024-09-22,Delivery Delay,134.46,Yes,Current
430,3033,744,103,2025-12-22,Damaged Product,88.96,Yes,Current
431,10949,260,26,2025-10-01,Delivery Delay,89.51,Yes,Current
432,4717,742,52,2025-06-23,Delivery Delay,20.0,Yes,Current
433,3605,402,108,2025-12-01,Damaged Product,42.08,No,Current
434,1854,348,98,2024-09-15,Changed Mind,168.77,No,Future
435,3964,500,104,2025-12-09,Size Issue,117.52,No,Current
436,9432,271,85,2025-01-07,Delivery Delay,140.36,Yes,Future
437,9823,366,59,2024-12-28,Changed Mind,86.24,Yes,Future
438,6928,244,114,2025-06-21,Size Issue,68.83,Yes,Current
439,4532,62,113,2025-05-17,Wrong Item,120.04,No,Current
440,10882,607,61,2024-06-13,Wrong Item,75.3,No,Future
441,4837,897,103,2025-08-27,Delivery Delay,87.84,No,Current
442,6491,872,3,2024-07-14,Changed Mind,171.04,No,Future
443,5773,143,5,2025-04-30,Delivery Delay,139.01,No,Future
444,5587,345,1,2025-05-14,Wrong Item,99.15,No,Current
445,4364,326,26,2025-11-18,Changed Mind,107.39,Yes,Current
446,3541,379,63,2025-12-21,Delivery Delay,48.57,No,Current
447,4984,879,119,2025-07-01,Wrong Item,20.0,No,Current
448,2133,373,78,2025-12-29,Size Issue,54.6,No,Future
449,2628,328,114,2025-05-23,Damaged Product,73.67,No,Current
450,5385,991,64,2024-12-20,Size Issue,94.97,Yes,Future
451,5489,740,44,2024-05-24,Size Issue,77.41,Yes,Current
452,7420,307,39,2025-08-10,Wrong Item,105.5,No,Future
453,11809,257,100,2024-11-27,Delivery Delay,90.11,Yes,Current
454,11563,862,55,2025-03-14,Delivery Delay,63.95,Yes,Current
455,10858,700,11,2025-11-30,Changed Mind,30.4,No,Current
456,11609,674,20,2025-05-16,Changed Mind,78.47,Yes,Future
457,7878,278,79,2025-07-10,Changed Mind,128.42,No,Current
458,10068,621,93,2025-05-20,Wrong Item,97.96,Yes,Current
459,1763,598,105,2025-11-13,Delivery Delay,32.93,Yes,Current
460,11250,677,84,2024-04-18,Size Issue,102.38,No,Future
461,4358,769,64,2025-12-27,Damaged Product,96.77,No,Current
462,10879,140,70,2025-04-25,Delivery Delay,87.48,No,Current
463,9921,94,85,2024-07-05,Delivery Delay,121.13,No,Current
464,880,646,69,2025-11-18,Size Issue,80.44,Yes,Future
465,1513,356,76,2025-12-19,Size Issue,107.65,Yes,Current
466,3145,389,92,2025-03-27,Wrong Item,33.98,Yes,Current
467,3976,426,1,2025-12-07,Changed Mind,109.9,Yes,Future
468,4846,380,93,2025-09-18,Wrong Item,107.79,Yes,Future
469,4479,973,44,2025-09-16,Delivery Delay,96.85,Yes,Current
470,10189,453,25,2025-11-26,Delivery Delay,26.19,No,Current
471,7959,552,37,2025-12-28,Size Issue,140.95,No,Future
472,9200,240,83,2025-12-20,Damaged Product,68.85,No,Current
473,5714,858,117,2025-04-24,Size Issue,125.35,Yes,Future
474,5190,157,59,2025-06-20,Damaged Product,89.33,Yes,Current
475,4444,72,11,2025-11-10,Delivery Delay,37.55,No,Current
476,2013,863,106,2024-10-21,Wrong Item,27.1,No,Future
477,6088,81,83,2025-03-11,Damaged Product,55.41,No,Current
478,6111,486,62,2025-05-05,Size Issue,137.64,Yes,Future
479,5754,642,88,2025-11-24,Delivery Delay,39.31,Yes,Current
480,7662,874,103,2025-10-06,Delivery Delay,81.53,Yes,Current
481,11120,239,115,2025-01-12,Size Issue,112.89,Yes,Current
482,9965,668,1,2025-10-29,Size Issue,90.03,No,Future
483,11880,266,86,2025-07-05,Changed Mind,72.27,Yes,Current
484,3990,244,24,2025-08-19,Delivery Delay,141.95,No,Current
485,11182,99,95,2024-09-13,Delivery Delay,136.79,No,Current
486,7686,60,104,2025-03-16,Size Issue,121.78,No,Current
487,10933,29,44,2025-05-24,Delivery Delay,103.0,Yes,Current
488,3183,578,94,2025-12-18,Size Issue,53.89,No,Future
489,2055,733,111,2025-12-23,Delivery Delay,98.8,No,Current
490,9602,584,73,2025-08-27,Size Issue,20.0,No,Future
491,1298,156,77,2025-12-10,Size Issue,104.23,Yes,Current
492,1183,29,96,2025-11-02,Changed Mind,38.53,No,Future
493,4913,294,68,2025-12-29,Size Issue,61.28,No,Current
494,5718,722,22,2025-11-12,Damaged Product,115.01,Yes,Current
495,205,581,78,2025-05-18,Delivery Delay,50.41,No,Current
496,2790,515,51,2025-03-26,Size Issue,96.56,Yes,Future
497,4856,481,73,2025-10-05,Changed Mind,20.0,No,Future
498,4950,333,77,2025-11-18,Changed Mind,126.19,No,Future
499,4535,230,85,2025-08-08,Size Issue,142.01,No,Current
500,3443,509,66,2025-04-19,Size Issue,92.43,Yes,Current
501,2728,165,3,2025-08-26,Delivery Delay,180.48,No,Current
502,2046,315,99,2024-12-04,Wrong Item,168.83,Yes,Current
503,2453,53,6,2025-01-20,Size Issue,120.96,No,Current
504,456,440,89,2025-12-18,Damaged Product,130.95,No,Current
505,6830,427,36,2025-12-26,Changed Mind,158.32,Yes,Current
506,7012,276,9,2025-02-17,Delivery Delay,102.42,No,Current
507,8208,653,43,2025-04-24,Delivery Delay,105.29,Yes,Future
508,1986,115,17,2025-06-08,Delivery Delay,121.89,Yes,Current
509,10632,923,50,2025-08-11,Wrong Item,74.97,Yes,Current
510,1225,407,108,2025-01-24,Size Issue,41.55,No,Future
511,9443,609,59,2025-05-27,Changed Mind,89.64,No,Future
512,4324,45,96,2025-07-26,Wrong Item,34.57,Yes,Current
513,4829,955,69,2025-08-17,Changed Mind,61.52,Yes,Future
514,2534,431,107,2025-07-13,Damaged Product,47.94,Yes,Future
515,10942,455,53,2025-07-17,Changed Mind,100.7,Yes,Future
516,5714,858,117,2024-12-17,Size Issue,130.56,Yes,Future
517,5794,638,23,2025-12-30,Size Issue,80.19,Yes,Future
518,5841,728,43,2025-09-16,Delivery Delay,103.78,No,Current
519,2841,873,72,2025-05-26,Wrong Item,111.35,No,Current
520,5862,288,38,2025-12-19,Size Issue,94.39,Yes,Future
521,557,520,36,2025-11-02,Wrong Item,125.63,No,Current
522,9545,183,87,2025-07-23,Delivery Delay,62.79,Yes,Future
523,5791,537,98,2025-02-11,Size Issue,183.36,No,Current
524,8005,758,55,2025-02-20,Size Issue,72.01,Yes,Future
525,2804,780,37,2025-05-15,Damaged Product,114.01,Yes,Current
526,3449,548,43,2025-12-22,Damaged Product,93.58,Yes,Current
527,311,326,103,2025-11-08,Delivery Delay,81.58,No,Current
528,6505,155,10,2025-03-31,Delivery Delay,59.29,No,Current
529,3605,402,108,2025-07-13,Changed Mind,38.69,Yes,Current
530,7985,429,71,2025-06-28,Damaged Product,120.81,Yes,Current
531,2492,791,82,2025-12-02,Changed Mind,122.57,Yes,Current
532,9524,543,23,2025-04-28,Size Issue,86.8,Yes,Current
533,7643,588,37,2025-12-29,Delivery Delay,105.9,No,Future
534,3716,72,4,2025-11-23,Damaged Product,137.21,Yes,Current
535,1636,126,60,2025-04-05,Damaged Product,143.16,No,Current
536,8006,973,35,2025-09-13,Damaged Product,41.21,No,Current
537,2429,517,61,2024-11-14,Size Issue,74.91,No,Future
538,107,289,52,2025-12-27,Size Issue,20.0,No,Future
539,2203,639,56,2024-06-30,Delivery Delay,126.42,No,Current
540,9145,163,107,2025-06-20,Damaged Product,42.71,Yes,Current
541,10054,423,23,2025-12-18,Changed Mind,85.97,Yes,Current
542,7685,545,35,2025-10-06,Wrong Item,40.78,No,Current
543,6541,498,20,2025-12-18,Damaged Product,82.61,Yes,Current
544,9364,843,108,2025-11-14,Size Issue,37.45,Yes,Future
545,5078,266,22,2025-11-24,Damaged Product,104.84,Yes,Current
546,8014,401,85,2025-05-22,Wrong Item,139.61,Yes,Current
547,5323,664,11,2025-02-28,Size Issue,29.15,No,Future
548,5297,706,89,2025-05-24,Delivery Delay,125.42,No,Current
549,10956,89,22,2025-09-25,Size Issue,90.71,Yes,Current
550,1879,411,16,2025-12-23,Size Issue,79.33,No,Current
551,1937,232,75,2024-10-11,Delivery Delay,84.78,No,Future
552,5392,790,13,2025-12-06,Damaged Product,96.82,Yes,Current
553,6811,592,54,2025-01-27,Delivery Delay,97.79,No,Current
554,4319,702,51,2024-07-10,Delivery Delay,97.29,No,Future
555,5334,565,87,2024-06-15,Delivery Delay,59.24,No,Future
556,91,596,87,2025-03-06,Size Issue,59.75,Yes,Current
557,10079,980,2,2025-11-08,Wrong Item,199.51,No,Future
558,5613,951,1,2025-08-13,Size Issue,107.9,Yes,Current
559,7602,703,112,2025-03-10,Delivery Delay,147.21,Yes,Current
560,4271,167,52,2025-10-24,Size Issue,20.0,Yes,Current
561,1199,670,38,2025-06-03,Size Issue,92.36,No,Future
562,10332,539,62,2025-08-13,Delivery Delay,177.2,Yes,Future
563,624,737,112,2025-06-24,Changed Mind,120.66,Yes,Future
564,6928,244,114,2024-11-22,Size Issue,69.1,Yes,Current
565,7969,343,100,2025-04-14,Changed Mind,91.43,No,Current
566,2336,956,110,2025-07-24,Size Issue,140.6,No,Current
567,7495,890,23,2025-03-08,Size Issue,78.5,No,Current
568,6553,477,9,2024-07-06,Wrong Item,72.45,No,Current
569,8508,331,101,2025-12-05,Size Issue,119.89,Yes,Current
570,9369,156,45,2025-09-29,Delivery Delay,20.87,No,Current
571,11928,932,68,2025-09-17,Delivery Delay,60.71,No,Current
572,4744,179,62,2025-03-09,Changed Mind,154.26,No,Current
573,11314,140,99,2024-07-31,Damaged Product,155.05,No,Current
574,2538,824,96,2025-07-19,Changed Mind,31.61,Yes,Future
575,6338,921,13,2025-12-29,Wrong Item,101.35,Yes,Current
576,1348,227,29,2025-11-29,Wrong Item,102.38,Yes,Current
577,7884,658,92,2025-06-22,Size Issue,42.26,Yes,Current
578,9444,164,116,2025-12-07,Delivery Delay,121.35,No,Current
579,1955,105,66,2025-11-13,Changed Mind,77.96,Yes,Current
580,9356,291,108,2025-04-14,Delivery Delay,40.89,No,Current
581,8346,710,71,2025-08-19,Wrong Item,116.57,Yes,Current
582,7718,129,62,2025-12-30,Size Issue,176.63,No,Future
583,8148,446,78,2025-09-14,Damaged Product,45.16,No,Current
584,8630,56,59,2025-07-05,Wrong Item,85.34,Yes,Current
585,4861,618,5,2024-05-16,Wrong Item,118.21,Yes,Current
586,11678,301,6,2025-03-13,Wrong Item,120.44,No,Future
587,298,635,39,2025-11-05,Size Issue,106.57,Yes,Future
588,6159,220,3,2025-02-24,Wrong Item,136.13,Yes,Future
589,11835,338,5,2025-12-30,Damaged Product,99.2,Yes,Current
590,1467,543,70,2024-10-21,Delivery Delay,116.9,Yes,Current
591,10875,4,83,2024-12-13,Changed Mind,62.54,Yes,Current
592,1159,818,2,2025-08-09,Delivery Delay,180.78,Yes,Current
593,3155,7,117,2024-10-16,Changed Mind,98.33,Yes,Future
594,9889,72,112,2025-03-25,Delivery Delay,159.38,No,Current
595,4116,676,24,2025-03-23,Delivery Delay,135.38,No,Current
596,9886,937,73,2025-03-15,Damaged Product,20.0,Yes,Current
597,3902,531,7,2025-07-20,Delivery Delay,126.92,No,Current
598,3234,209,81,2025-11-22,Damaged Product,81.25,No,Future
599,2621,394,74,2025-09-28,Wrong Item,110.17,Yes,Current
600,4363,301,71,2025-12-25,Delivery Delay,127.01,Yes,Current
601,9846,469,24,2025-06-30,Delivery Delay,150.49,No,Current
602,11727,771,29,2024-03-07,Size Issue,100.94,No,Future
603,9502,87,100,2024-07-09,Wrong Item,89.56,Yes,Future
604,6704,233,26,2025-11-11,Delivery Delay,101.34,No,Current
605,7063,345,65,2025-09-28,Size Issue,67.66,Yes,Future
606,4755,448,81,2025-10-28,Changed Mind,86.65,Yes,Current
607,6732,490,5,2025-05-18,Wrong Item,107.55,No,Current
608,6791,123,98,2025-05-17,Damaged Product,187.09,No,Current
609,2894,182,58,2024-12-23,Size Issue,98.11,No,Future
610,10696,181,69,2025-12-25,Delivery Delay,63.18,No,Current
611,10221,965,70,2025-01-08,Damaged Product,101.56,No,Current
612,4421,554,115,2025-04-01,Changed Mind,122.67,Yes,Current
613,6999,503,78,2025-10-19,Damaged Product,42.13,Yes,Current
614,5952,817,91,2025-12-19,Size Issue,72.61,No,Current
615,8470,703,26,2025-12-01,Delivery Delay,87.64,Yes,Future
616,2427,965,49,2025-12-04,Delivery Delay,111.26,No,Current
617,9714,724,107,2025-12-20,Delivery Delay,42.96,Yes,Current
618,3037,298,94,2025-09-01,Size Issue,43.7,No,Current
619,7851,571,100,2025-08-04,Size Issue,73.88,No,Current
620,7427,918,108,2025-09-07,Delivery Delay,42.4,No,Current
621,919,615,40,2025-12-04,Damaged Product,29.31,No,Current
622,3801,182,89,2025-05-31,Changed Mind,126.24,Yes,Future
623,4359,98,58,2025-10-30,Size Issue,111.88,No,Future
624,5643,611,116,2025-03-17,Size Issue,120.09,No,Current
625,2109,425,102,2025-08-24,Changed Mind,50.67,Yes,Future
626,10557,563,86,2025-11-24,Delivery Delay,101.49,Yes,Current
627,617,976,26,2025-07-19,Size Issue,109.7,No,Future
628,11045,274,75,2025-12-06,Size Issue,107.58,No,Future
629,7099,351,75,2024-10-22,Size Issue,88.59,No,Future
630,7973,89,101,2025-12-14,Size Issue,102.38,No,Future
631,9044,682,91,2025-10-04,Changed Mind,72.25,Yes,Future
632,11083,316,61,2025-03-22,Size Issue,62.36,Yes,Current
633,4884,345,120,2025-10-30,Size Issue,33.94,No,Future
634,1340,4,104,2025-09-13,Changed Mind,124.26,No,Current
635,2867,564,41,2025-04-20,Delivery Delay,105.99,Yes,Current
636,6075,812,98,2025-03-20,Changed Mind,163.0,Yes,Current
637,1829,107,62,2025-01-08,Delivery Delay,174.52,No,Current
638,3290,838,9,2025-09-06,Delivery Delay,78.29,No,Current
639,4810,392,62,2025-10-09,Size Issue,152.23,Yes,Current
640,11861,754,24,2024-11-02,Wrong Item,148.84,Yes,Current
641,6067,416,52,2025-11-22,Wrong Item,20.0,Yes,Current
642,4736,189,17,2025-12-29,Changed Mind,102.93,No,Future
643,10194,567,43,2025-06-28,Delivery Delay,123.05,Yes,Current
644,1398,615,57,2025-10-27,Size Issue,117.55,Yes,Current
645,11714,297,86,2025-09-04,Damaged Product,84.15,No,Current
646,11347,417,23,2024-10-28,Changed Mind,86.42,Yes,Current
647,10550,910,64,2025-10-13,Delivery Delay,104.04,No,Future
648,2528,538,74,2024-07-07,Size Issue,114.98,Yes,Future
649,4582,444,41,2025-07-07,Changed Mind,104.49,No,Future
650,49,79,61,2025-12-21,Wrong Item,71.57,Yes,Future
651,9217,638,43,2024-10-02,Size Issue,124.68,No,Future
652,10285,901,1,2025-12-02,Changed Mind,101.43,Yes,Current
653,6129,336,40,2025-11-10,Wrong Item,26.93,Yes,Current
654,11942,693,83,2025-06-13,Size Issue,70.76,Yes,Current
655,7766,33,88,2024-09-16,Wrong Item,36.74,No,Current
656,2604,356,120,2025-02-12,Size Issue,43.03,Yes,Future
657,9105,410,27,2025-12-28,Wrong Item,138.09,Yes,Future
658,4338,798,54,2025-02-17,Damaged Product,84.46,Yes,Future
659,7075,853,42,2025-10-06,Delivery Delay,64.83,No,Current
660,2553,383,58,2025-08-17,Delivery Delay,112.02,No,Current
661,2000,598,80,2025-05-03,Changed Mind,85.51,Yes,Future
662,2966,457,4,2024-11-08,Delivery Delay,132.17,Yes,Current
663,6213,978,112,2025-04-23,Size Issue,154.16,Yes,Future
664,2037,922,91,2025-02-07,Delivery Delay,73.09,Yes,Current
665,2953,511,67,2025-10-15,Delivery Delay,201.8,No,Current
666,977,788,56,2025-08-30,Changed Mind,152.11,Yes,Future
667,11804,800,77,2025-05-06,Wrong Item,108.31,No,Current
668,8816,385,82,2025-11-04,Wrong Item,118.86,No,Current
669,8214,817,105,2025-05-09,Delivery Delay,33.1,Yes,Current
670,10619,670,96,2025-03-08,Damaged Product,40.9,No,Current
671,7643,588,37,2025-11-28,Changed Mind,129.13,No,Future
672,11852,367,10,2024-03-09,Delivery Delay,68.37,No,Current
673,9867,260,24,2025-10-13,Wrong Item,121.77,Yes,Current
674,7553,912,93,2025-05-04,Delivery Delay,98.22,Yes,Current
675,10082,116,94,2025-12-09,Size Issue,51.17,No,Current
676,974,634,8,2025-10-27,Changed Mind,47.28,No,Current
677,1989,765,28,2025-07-09,Delivery Delay,118.34,Yes,Current
678,4752,13,104,2025-11-11,Changed Mind,108.38,Yes,Future
679,3839,917,9,2025-10-10,Damaged Product,77.68,No,Current
680,4836,678,36,2024-11-15,Changed Mind,147.69,Yes,Future
681,9035,410,65,2025-11-20,Delivery Delay,69.42,Yes,Current
682,7447,55,81,2025-10-10,Size Issue,92.51,Yes,Current
683,7873,816,77,2025-06-09,Size Issue,110.95,Yes,Future
684,1016,783,120,2025-12-26,Size Issue,41.66,Yes,Future
685,8253,709,79,2025-05-16,Size Issue,156.29,No,Future
686,4312,680,100,2025-12-18,Size Issue,78.24,Yes,Future
687,10810,71,82,2024-11-07,Damaged Product,119.21,No,Current
688,9628,567,4,2025-10-18,Delivery Delay,132.93,No,Current
689,3338,846,13,2025-06-23,Changed Mind,78.59,Yes,Current
690,11735,527,7,2024-11-23,Wrong Item,148.94,Yes,Current
691,7155,552,84,2025-06-26,Size Issue,98.32,Yes,Future
692,10285,901,1,2025-07-22,Wrong Item,95.55,No,Current
693,2809,121,88,2025-09-13,Damaged Product,35.56,Yes,Current
694,10931,590,12,2025-12-21,Delivery Delay,133.89,Yes,Current
695,11071,623,61,2025-08-13,Damaged Product,81.9,Yes,Future
696,10265,532,87,2024-07-09,Damaged Product,74.0,No,Current
697,11114,923,58,2025-03-12,Size Issue,94.25,Yes,Future
698,1486,906,69,2025-12-06,Size Issue,65.35,Yes,Future
699,4000,454,79,2025-09-12,Size Issue,167.13,No,Current
700,4454,618,32,2025-08-30,Wrong Item,151.77,Yes,Current
701,6367,8,43,2025-09-14,Size Issue,125.1,Yes,Future
702,4065,146,48,2025-02-22,Damaged Product,71.7,Yes,Current
703,981,640,45,2025-01-22,Wrong Item,29.27,Yes,Current
704,11528,318,113,2025-10-26,Changed Mind,108.34,No,Future
705,3455,93,24,2024-07-25,Size Issue,133.04,No,Current
706,5619,880,48,2025-12-30,Delivery Delay,90.72,Yes,Current
707,3692,953,95,2025-12-06,Delivery Delay,132.77,Yes,Current
708,5945,733,8,2025-07-23,Damaged Product,61.95,Yes,Current
709,6551,592,68,2025-10-08,Delivery Delay,53.55,No,Current
710,3845,403,23,2025-12-30,Changed Mind,80.23,Yes,Future
711,1131,218,74,2025-11-19,Size Issue,105.28,Yes,Current
712,8497,354,55,2025-11-12,Changed Mind,80.47,Yes,Future
713,2876,602,48,2025-02-25,Damaged Product,93.33,No,Current
714,11935,1000,6,2025-12-10,Size Issue,118.38,Yes,Current
715,639,481,87,2025-06-09,Delivery Delay,60.86,Yes,Current
716,1123,302,100,2025-06-09,Size Issue,83.74,No,Current
717,9180,941,29,2025-07-27,Changed Mind,109.34,Yes,Current
718,1550,854,5,2025-11-12,Size Issue,133.82,No,Future
719,8247,32,34,2025-11-14,Size Issue,103.68,No,Future
720,5092,405,23,2025-07-16,Delivery Delay,86.7,No,Current
721,6418,447,22,2025-11-15,Wrong Item,97.25,Yes,Future
722,8393,468,20,2025-03-10,Changed Mind,66.85,No,Current
723,2809,121,88,2025-08-07,Wrong Item,41.09,Yes,Current
724,2994,717,55,2025-10-26,Wrong Item,71.79,No,Current
725,4098,93,10,2025-06-09,Delivery Delay,70.66,No,Future
726,4359,98,58,2025-08-01,Size Issue,93.28,Yes,Future
727,9739,46,66,2024-11-21,Changed Mind,99.93,Yes,Current
728,6961,585,33,2025-07-24,Delivery Delay,163.63,Yes,Future
729,983,383,46,2024-08-28,Changed Mind,84.58,No,Current
730,8401,678,17,2025-11-10,Changed Mind,101.34,Yes,Current
731,6680,489,97,2025-11-12,Changed Mind,46.61,No,Current
732,1446,489,5,2025-08-22,Changed Mind,109.97,Yes,Current
733,10955,342,79,2025-10-28,Delivery Delay,131.37,No,Current
734,6614,331,97,2025-07-27,Delivery Delay,42.05,Yes,Current
735,10143,790,82,2025-12-29,Size Issue,95.41,No,Current
736,1955,105,66,2025-12-24,Delivery Delay,87.78,Yes,Current
737,626,889,72,2025-01-14,Damaged Product,124.93,No,Future
738,764,530,80,2025-07-14,Delivery Delay,96.81,Yes,Current
739,7873,816,77,2025-04-10,Changed Mind,113.34,Yes,Future
740,5106,487,80,2025-09-23,Damaged Product,100.61,No,Current
741,11437,495,8,2025-05-09,Damaged Product,61.06,No,Current
742,1199,670,38,2025-05-15,Size Issue,74.65,Yes,Future
743,739,371,57,2025-12-17,Delivery Delay,118.28,No,Current
744,11150,414,119,2025-02-13,Delivery Delay,20.0,Yes,Current
745,2493,11,19,2025-12-21,Delivery Delay,117.41,Yes,Future
746,696,938,91,2025-08-03,Size Issue,78.33,No,Future
747,479,624,95,2025-06-30,Size Issue,141.47,Yes,Future
748,1982,327,66,2025-12-01,Size Issue,98.47,Yes,Current
749,4815,65,31,2024-05-28,Delivery Delay,51.29,No,Current
750,8760,155,49,2025-06-27,Changed Mind,118.07,Yes,Current
751,3657,886,71,2025-04-22,Size Issue,126.57,No,Future
752,4575,262,16,2024-12-29,Size Issue,82.12,Yes,Future
753,3667,48,19,2025-02-17,Damaged Product,113.53,Yes,Current
754,2402,707,88,2025-10-07,Changed Mind,34.48,Yes,Future
755,5460,95,88,2025-01-11,Size Issue,32.28,Yes,Future
756,5429,338,31,2025-10-09,Size Issue,58.26,Yes,Current
757,2498,726,90,2024-02-11,Size Issue,62.41,No,Current
758,3390,870,14,2025-10-21,Wrong Item,80.42,Yes,Current
759,9383,757,58,2025-11-17,Delivery Delay,102.01,Yes,Current
760,5180,167,73,2025-06-11,Changed Mind,20.0,Yes,Future
761,9685,133,118,2025-09-09,Size Issue,139.99,No,Current
762,6686,519,57,2025-12-23,Size Issue,101.73,Yes,Future
763,8942,881,56,2025-08-24,Size Issue,136.55,No,Current
764,11354,121,95,2024-10-06,Delivery Delay,167.68,Yes,Current
765,5846,840,103,2025-10-08,Delivery Delay,105.7,No,Current
766,8222,609,100,2024-07-02,Damaged Product,70.55,Yes,Current
767,8938,595,112,2025-09-11,Changed Mind,163.05,No,Future
768,7810,751,92,2025-12-11,Damaged Product,45.9,Yes,Future
769,7917,508,32,2025-12-18,Changed Mind,158.74,No,Current
770,80,715,88,2025-11-22,Delivery Delay,41.14,No,Current
771,8961,31,45,2025-06-24,Damaged Product,21.05,No,Current
772,6466,804,114,2025-04-11,Size Issue,61.19,Yes,Future
773,5843,874,52,2025-12-16,Wrong Item,20.0,No,Current
774,4578,464,84,2025-12-27,Delivery Delay,90.63,Yes,Current
775,5846,840,103,2025-04-06,Delivery Delay,99.93,No,Current
776,3445,296,34,2025-02-10,Delivery Delay,88.4,Yes,Current
777,8588,135,1,2025-02-26,Changed Mind,92.61,Yes,Future
778,8282,325,81,2025-12-29,Delivery Delay,104.34,No,Future
779,11478,957,78,2025-12-24,Damaged Product,56.08,Yes,Future
780,9924,316,34,2025-09-05,Delivery Delay,106.43,No,Current
781,8136,968,22,2025-12-05,Damaged Product,108.51,Yes,Current
782,4842,452,25,2025-02-25,Changed Mind,22.13,Yes,Current
783,225,828,22,2025-12-16,Damaged Product,97.13,Yes,Future
784,7173,49,103,2025-09-05,Delivery Delay,108.45,No,Current
785,8235,255,115,2025-09-28,Wrong Item,115.01,No,Current
786,11988,533,62,2024-11-22,Delivery Delay,165.63,Yes,Current
787,6710,103,2,2025-11-11,Damaged Product,177.78,Yes,Current
788,9737,541,14,2025-10-19,Size Issue,62.4,No,Current
789,1244,732,14,2025-09-23,Wrong Item,80.66,No,Current
790,697,342,6,2025-11-26,Changed Mind,120.78,Yes,Future
791,4971,529,100,2025-10-11,Delivery Delay,79.91,Yes,Current
792,11986,627,60,2025-12-27,Changed Mind,125.22,Yes,Current
793,935,117,116,2025-09-05,Delivery Delay,134.84,Yes,Current
794,4460,652,104,2025-05-08,Size Issue,148.61,No,Future
795,6872,591,37,2025-05-26,Delivery Delay,102.32,Yes,Current
796,6746,3,20,2024-05-20,Changed Mind,90.01,No,Current
797,1754,389,64,2025-12-09,Damaged Product,85.86,Yes,Current
798,10946,465,117,2025-08-02,Delivery Delay,110.44,Yes,Current
799,4666,593,57,2025-01-21,Wrong Item,113.01,No,Current
800,1541,68,3,2025-09-17,Size Issue,173.31,Yes,Current
801,5164,166,49,2025-12-05,Delivery Delay,112.46,Yes,Current
802,5174,875,16,2025-11-25,Wrong Item,82.34,No,Current
803,8471,218,61,2024-04-12,Delivery Delay,61.83,Yes,Current
804,2294,903,57,2025-08-23,Wrong Item,108.46,No,Current
805,2629,871,56,2025-06-24,Size Issue,144.99,Yes,Current
806,4567,45,102,2025-10-29,Damaged Product,51.63,Yes,Future
807,11795,801,83,2024-11-05,Delivery Delay,55.65,No,Current
808,8081,425,6,2025-09-29,Damaged Product,124.66,Yes,Current
809,3012,716,85,2025-10-29,Size Issue,100.54,Yes,Current
810,11898,348,47,2025-08-08,Size Issue,103.58,Yes,Current
811,5370,941,39,2025-12-07,Delivery Delay,108.53,No,Future
812,2231,25,5,2025-12-29,Delivery Delay,112.68,Yes,Current
813,8253,709,79,2025-01-13,Wrong Item,129.5,Yes,Future
814,6162,483,20,2024-12-30,Changed Mind,68.46,No,Future
815,8615,974,30,2025-04-19,Changed Mind,33.09,Yes,Current
816,5196,276,88,2025-10-27,Delivery Delay,37.19,Yes,Current
817,10010,828,3,2025-02-08,Changed Mind,163.23,No,Future
818,7644,929,78,2025-02-11,Changed Mind,45.17,Yes,Future
819,972,509,58,2025-02-20,Size Issue,88.13,Yes,Current
820,4569,844,28,2025-05-21,Changed Mind,116.06,Yes,Future
821,6770,540,46,2025-05-13,Delivery Delay,87.93,No,Current
822,8491,174,92,2024-07-22,Changed Mind,40.54,Yes,Current
823,966,259,117,2024-12-08,Delivery Delay,101.54,No,Current
824,5750,790,82,2024-12-16,Size Issue,105.73,No,Future
825,6968,660,82,2025-06-26,Size Issue,118.67,No,Future
826,8629,464,3,2025-06-19,Size Issue,167.55,No,Current
827,4541,394,91,2025-06-22,Changed Mind,67.86,Yes,Current
828,8582,307,94,2025-05-16,Damaged Product,45.01,Yes,Current
829,8964,931,66,2025-06-18,Wrong Item,95.72,Yes,Current
830,1851,364,119,2025-06-15,Delivery Delay,20.0,No,Current
831,5134,394,117,2025-12-21,Size Issue,128.68,Yes,Current
832,7451,653,20,2025-11-19,Wrong Item,72.82,Yes,Current
833,9424,329,42,2025-07-22,Wrong Item,54.61,No,Current
834,9109,837,66,2025-11-05,Delivery Delay,101.69,No,Current
835,9630,705,71,2025-10-26,Delivery Delay,127.61,Yes,Current
836,4007,191,15,2025-10-04,Delivery Delay,68.06,No,Future
837,708,8,1,2024-11-07,Changed Mind,106.53,Yes,Current
838,10168,416,114,2025-05-31,Delivery Delay,74.82,Yes,Current
839,9468,627,74,2024-12-26,Size Issue,88.26,Yes,Current
840,4450,520,120,2025-08-27,Damaged Product,40.73,No,Current
841,2214,185,7,2025-02-03,Damaged Product,161.72,Yes,Current
842,9269,976,96,2024-12-25,Changed Mind,37.33,Yes,Future
843,3200,178,29,2025-08-16,Delivery Delay,100.65,Yes,Current
844,6337,118,52,2025-06-26,Wrong Item,20.0,No,Current
845,9673,110,12,2025-11-14,Delivery Delay,175.3,Yes,Current
846,11909,740,20,2024-05-11,Damaged Product,83.78,Yes,Current
847,11057,948,61,2025-05-15,Damaged Product,61.56,Yes,Current
848,7748,846,59,2025-06-13,Changed Mind,74.19,No,Future
849,11904,286,28,2025-09-19,Damaged Product,154.16,Yes,Current
850,5276,726,75,2025-12-16,Damaged Product,93.81,Yes,Current
851,303,240,19,2025-04-05,Delivery Delay,99.97,No,Future
852,4038,404,119,2025-09-26,Damaged Product,20.0,Yes,Current
853,7135,300,7,2025-09-11,Size Issue,160.76,Yes,Future
854,436,972,88,2025-03-07,Damaged Product,34.22,No,Future
855,9732,224,94,2025-03-21,Size Issue,40.82,No,Current
856,8190,876,1,2025-12-14,Size Issue,109.8,No,Current
857,10940,257,103,2025-05-21,Changed Mind,82.04,Yes,Future
858,7462,97,22,2024-04-27,Wrong Item,100.25,Yes,Future
859,10377,535,112,2025-08-21,Damaged Product,133.6,Yes,Current
860,9757,925,62,2025-06-16,Wrong Item,131.25,Yes,Current
861,557,520,36,2025-10-27,Delivery Delay,140.93,Yes,Current
862,356,275,61,2025-12-01,Delivery Delay,70.42,Yes,Current
863,2161,904,105,2025-09-04,Changed Mind,35.21,No,Current
864,9562,486,47,2025-04-16,Delivery Delay,104.91,Yes,Current
865,1316,237,104,2025-02-18,Size Issue,124.31,Yes,Future
866,9688,12,3,2025-05-12,Wrong Item,150.7,Yes,Current
867,8235,255,115,2025-08-07,Size Issue,96.1,Yes,Current
868,11835,338,5,2025-12-28,Delivery Delay,122.99,No,Current
869,7602,703,112,2025-11-08,Delivery Delay,124.84,Yes,Current
870,3773,542,112,2025-10-23,Delivery Delay,124.85,Yes,Current
871,5267,633,14,2025-10-17,Size Issue,75.63,Yes,Future
872,2309,460,90,2025-03-14,Wrong Item,60.43,Yes,Future
873,5153,939,41,2024-12-11,Changed Mind,79.78,Yes,Current
874,2258,407,120,2025-09-12,Delivery Delay,45.74,Yes,Future
875,6542,593,24,2024-03-13,Changed Mind,144.92,No,Future
876,11970,252,41,2025-08-07,Changed Mind,95.53,No,Current
877,1180,277,2,2025-12-23,Delivery Delay,176.71,Yes,Current
878,8001,714,6,2025-03-14,Delivery Delay,109.37,Yes,Current
879,9348,980,94,2025-12-27,Delivery Delay,41.6,No,Current
880,6337,118,52,2025-06-06,Wrong Item,20.0,No,Current
881,9479,881,15,2025-10-26,Damaged Product,54.75,Yes,Current
882,3593,618,119,2025-02-22,Delivery Delay,20.0,Yes,Current
883,5636,255,20,2025-11-23,Size Issue,81.52,Yes,Future
884,10879,140,70,2025-12-25,Changed Mind,94.61,Yes,Current
885,9465,153,73,2025-09-11,Wrong Item,20.0,No,Current
886,2836,729,73,2025-09-21,Wrong Item,20.0,Yes,Future
887,2395,488,75,2024-06-13,Delivery Delay,91.63,Yes,Current
888,7658,761,60,2025-07-12,Size Issue,134.73,Yes,Future
889,11170,237,25,2025-12-20,Damaged Product,20.48,Yes,Current
890,2702,178,13,2024-12-07,Delivery Delay,95.87,No,Future
891,983,383,46,2025-09-20,Size Issue,95.55,Yes,Current
892,10050,677,61,2025-10-28,Size Issue,73.04,No,Future
893,1635,340,41,2025-12-02,Size Issue,96.21,No,Current
894,1622,131,55,2025-07-23,Delivery Delay,65.77,No,Current
895,907,859,110,2024-05-18,Delivery Delay,119.33,Yes,Current
896,1379,505,109,2025-09-22,Wrong Item,60.41,No,Current
897,10945,836,50,2025-03-01,Delivery Delay,93.7,No,Current
898,4451,4,58,2025-12-30,Size Issue,116.02,No,Current
899,1633,386,3,2025-12-10,Delivery Delay,132.09,Yes,Current
900,524,361,21,2025-04-03,Damaged Product,33.47,Yes,Current
901,9193,231,43,2025-08-22,Changed Mind,129.03,Yes,Future
902,9902,800,2,2025-01-21,Changed Mind,188.17,No,Future
903,10784,210,29,2025-05-16,Damaged Product,104.91,No,Current
904,6049,917,12,2025-05-22,Size Issue,146.28,No,Future
905,9638,374,53,2025-07-09,Size Issue,99.83,Yes,Future
906,4037,258,100,2025-10-04,Damaged Product,79.24,No,Current
907,8274,726,109,2025-12-11,Delivery Delay,60.23,Yes,Current
908,8210,563,30,2025-01-30,Wrong Item,24.59,Yes,Current
909,10378,592,30,2025-08-24,Changed Mind,31.04,Yes,Current
910,10353,201,67,2025-12-03,Changed Mind,173.49,Yes,Future
911,9128,994,18,2025-01-28,Wrong Item,49.66,Yes,Future
912,7149,537,112,2025-05-15,Damaged Product,148.61,Yes,Current
913,496,114,11,2025-02-20,Delivery Delay,33.07,Yes,Future
914,11483,794,63,2025-12-22,Size Issue,36.18,No,Current
915,3582,124,61,2025-12-06,Damaged Product,60.93,Yes,Current
916,2826,528,64,2025-11-16,Wrong Item,104.8,Yes,Current
917,6207,505,71,2025-06-17,Wrong Item,96.96,Yes,Current
918,10639,815,73,2025-11-21,Delivery Delay,20.0,Yes,Current
919,10142,9,8,2025-01-10,Wrong Item,55.39,No,Future
920,7382,30,107,2025-10-25,Delivery Delay,45.43,Yes,Current
921,8822,671,28,2025-12-26,Delivery Delay,123.19,Yes,Current
922,3288,859,56,2024-09-12,Damaged Product,128.7,No,Future
923,4191,3,29,2025-04-28,Size Issue,128.96,No,Future
924,654,40,103,2025-09-29,Damaged Product,87.93,No,Current
925,9106,311,51,2025-09-15,Size Issue,108.09,No,Future
926,1034,484,55,2025-11-08,Changed Mind,64.58,No,Future
927,7671,505,9,2025-11-17,Damaged Product,72.85,Yes,Current
928,7088,245,88,2025-07-04,Changed Mind,38.48,Yes,Current
929,8631,224,70,2025-10-23,Wrong Item,95.08,Yes,Current
930,5752,503,27,2024-11-18,Delivery Delay,129.37,Yes,Current
931,8337,220,36,2025-06-06,Wrong Item,130.92,Yes,Current
932,180,533,102,2025-09-15,Changed Mind,57.84,No,Current
933,3575,826,111,2024-09-02,Wrong Item,119.23,Yes,Current
934,5015,789,98,2025-08-04,Damaged Product,174.69,Yes,Current
935,10835,24,108,2025-03-20,Size Issue,41.36,No,Future
936,722,3,89,2025-11-02,Size Issue,111.04,Yes,Current
937,153,586,108,2025-03-24,Damaged Product,35.33,Yes,Current
938,5510,867,2,2025-07-27,Wrong Item,187.87,No,Current
939,5904,169,6,2025-11-29,Wrong Item,103.98,Yes,Current
940,9057,910,82,2025-09-12,Changed Mind,102.09,No,Future
941,6259,763,91,2025-12-30,Wrong Item,69.44,No,Current
942,5783,345,11,2025-09-20,Changed Mind,37.58,Yes,Current
943,9407,821,70,2025-11-24,Size Issue,115.72,No,Future
944,2521,585,79,2025-09-18,Wrong Item,136.43,No,Current
945,1039,557,120,2025-09-30,Size Issue,42.39,Yes,Future
946,3042,945,66,2025-12-12,Size Issue,103.94,No,Current
947,571,761,12,2025-11-01,Size Issue,149.59,Yes,Current
948,11206,157,88,2025-04-11,Delivery Delay,29.7,Yes,Current
949,250,628,112,2025-12-30,Delivery Delay,163.61,No,Current
950,11624,505,1,2025-12-17,Changed Mind,91.6,Yes,Future
951,9174,996,100,2025-07-24,Changed Mind,67.89,Yes,Future
952,51,93,8,2025-08-06,Size Issue,50.66,No,Current
953,10877,10,114,2024-09-29,Damaged Product,62.73,Yes,Current
954,8809,156,39,2024-09-23,Wrong Item,94.48,No,Current
955,475,850,71,2025-09-01,Size Issue,128.12,No,Future
956,7948,402,8,2025-09-05,Delivery Delay,61.19,Yes,Current
957,3667,48,19,2025-11-26,Damaged Product,86.95,No,Current
958,9015,418,32,2024-09-23,Delivery Delay,160.8,No,Future
959,9933,710,92,2024-11-12,Changed Mind,43.61,No,Future
960,2538,824,96,2025-08-19,Delivery Delay,32.02,Yes,Future
961,3659,135,56,2025-12-26,Changed Mind,121.47,Yes,Future
962,1828,357,108,2025-01-03,Damaged Product,39.09,Yes,Current
963,1361,882,53,2025-10-28,Damaged Product,81.62,Yes,Future
964,1025,327,114,2025-11-29,Changed Mind,72.03,No,Current
965,921,506,115,2025-11-29,Delivery Delay,99.77,Yes,Current
966,8880,878,11,2025-06-01,Delivery Delay,39.29,No,Current
967,10843,378,87,2025-08-30,Delivery Delay,74.37,Yes,Current
968,4721,462,69,2025-03-03,Delivery Delay,75.1,No,Current
969,10218,712,86,2025-11-15,Delivery Delay,78.05,Yes,Current
970,6648,403,41,2025-10-02,Changed Mind,92.08,Yes,Future
971,6144,161,11,2025-12-29,Delivery Delay,39.52,Yes,Current
972,5801,772,63,2025-11-30,Delivery Delay,37.13,Yes,Current
973,8805,792,15,2025-07-16,Delivery Delay,73.93,Yes,Current
974,1228,113,92,2025-10-27,Size Issue,43.05,Yes,Future
975,5162,432,111,2024-06-13,Delivery Delay,113.1,Yes,Current
976,1624,87,79,2025-06-01,Delivery Delay,173.25,Yes,Future
977,5545,331,67,2025-01-20,Size Issue,187.69,Yes,Current
978,540,138,86,2025-06-16,Wrong Item,100.17,No,Current
979,4363,301,71,2025-12-28,Delivery Delay,125.3,Yes,Current
980,7538,189,27,2024-10-06,Size Issue,121.17,Yes,Future
981,7305,264,74,2025-03-18,Delivery Delay,88.48,No,Current
982,2263,533,64,2025-02-16,Size Issue,85.66,No,Current
983,3812,538,28,2025-07-29,Damaged Product,125.47,Yes,Future
984,6074,150,99,2025-02-24,Delivery Delay,166.65,No,Current
985,7213,21,108,2025-07-22,Damaged Product,48.56,Yes,Current
986,3205,343,118,2025-10-25,Delivery Delay,150.6,Yes,Current
987,4051,34,13,2025-08-17,Size Issue,98.05,Yes,Future
988,8602,858,120,2025-12-24,Changed Mind,41.01,Yes,Current
989,2019,559,103,2025-12-17,Damaged Product,102.85,No,Current
990,11694,829,67,2024-06-22,Size Issue,177.78,Yes,Future
991,10811,967,66,2025-12-04,Changed Mind,97.94,Yes,Current
992,10700,958,112,2024-09-02,Size Issue,149.93,No,Future
993,11718,937,25,2024-07-31,Damaged Product,20.0,Yes,Current
994,7305,264,74,2025-09-16,Size Issue,86.28,Yes,Current
995,667,711,91,2024-10-26,Wrong Item,84.58,Yes,Current
996,288,363,96,2025-12-19,Changed Mind,37.99,No,Current
997,7579,552,30,2025-08-03,Delivery Delay,30.16,Yes,Current
998,8590,127,1,2025-12-26,Delivery Delay,111.25,No,Current
999,1061,286,92,2025-08-06,Wrong Item,46.38,Yes,Current
1000,894,728,19,2025-07-14,Damaged Product,86.78,No,Current
1001,10180,907,28,2025-09-30,Size Issue,118.88,No,Future
1002,8253,709,79,2024-04-26,Changed Mind,159.9,Yes,Future
1003,7606,929,56,2024-11-04,Size Issue,141.77,No,Future
1004,7656,716,90,2025-12-30,Damaged Product,68.28,Yes,Future
1005,1969,310,82,2025-12-30,Wrong Item,134.41,Yes,Current
1006,10914,567,37,2025-12-15,Changed Mind,137.12,No,Future
1007,8528,161,100,2025-11-19,Size Issue,69.83,Yes,Current
1008,5825,417,8,2024-12-07,Size Issue,61.03,No,Future
1009,1787,292,59,2025-09-08,Changed Mind,84.66,No,Current
1010,7210,171,18,2025-11-15,Damaged Product,43.49,No,Current
1011,1584,402,111,2025-01-26,Size Issue,138.38,Yes,Future
1012,8941,732,94,2025-04-01,Delivery Delay,44.41,No,Current
1013,5000,738,17,2024-10-20,Damaged Product,103.65,No,Current
1014,9433,774,90,2025-09-25,Wrong Item,64.0,Yes,Future
1015,6138,687,53,2025-11-23,Damaged Product,93.52,Yes,Current
1016,7186,931,36,2025-12-21,Changed Mind,118.93,Yes,Current
1017,1421,164,48,2025-12-29,Wrong Item,76.03,Yes,Current
1018,6190,980,94,2025-09-11,Size Issue,45.35,Yes,Future
1019,6398,707,37,2025-10-23,Changed Mind,134.56,No,Future
1020,90,936,13,2025-04-18,Size Issue,92.62,Yes,Future
1021,4506,989,40,2025-09-16,Changed Mind,34.21,No,Current
1022,6081,849,30,2025-12-15,Damaged Product,25.67,No,Current
1023,7315,708,104,2025-11-17,Delivery Delay,120.46,No,Future
1024,4850,482,103,2025-12-26,Delivery Delay,89.15,No,Future
1025,9357,291,105,2025-07-14,Size Issue,45.25,No,Future
1026,6826,943,58,2025-01-15,Size Issue,94.49,Yes,Current
1027,2681,586,29,2024-05-14,Size Issue,92.8,Yes,Future
1028,343,994,60,2025-10-21,Wrong Item,133.83,Yes,Current
1029,5491,208,82,2025-08-28,Size Issue,96.3,No,Future
1030,4209,750,19,2024-01-19,Changed Mind,115.11,Yes,Current
1031,6530,738,18,2025-11-13,Changed Mind,50.04,No,Future
1032,757,842,53,2025-06-08,Delivery Delay,86.6,Yes,Current
1033,4456,266,109,2025-11-16,Delivery Delay,51.38,Yes,Current
1034,11532,761,29,2025-07-06,Size Issue,100.13,Yes,Current
1035,4703,617,39,2025-11-19,Changed Mind,108.57,No,Current
1036,1288,887,41,2025-12-29,Delivery Delay,79.98,Yes,Current
1037,11017,241,89,2024-08-11,Delivery Delay,120.1,No,Current
1038,5364,616,23,2025-10-19,Damaged Product,70.21,Yes,Current
1039,11609,674,20,2025-10-31,Size Issue,72.65,No,Future
1040,1610,963,13,2025-11-22,Size Issue,78.16,Yes,Future
1041,1857,787,46,2025-11-20,Changed Mind,104.76,Yes,Future
1042,11387,185,14,2025-06-07,Delivery Delay,69.65,Yes,Current
1043,2486,612,106,2025-06-26,Delivery Delay,20.32,Yes,Current
1044,3362,637,13,2025-10-22,Size Issue,101.12,No,Current
1045,327,594,10,2025-02-16,Damaged Product,76.05,Yes,Current
1046,5013,283,83,2025-06-08,Size Issue,55.96,Yes,Current
1047,98,516,10,2024-11-25,Damaged Product,73.19,No,Current
1048,11136,918,87,2025-05-25,Damaged Product,74.77,No,Future
1049,11501,42,95,2025-12-20,Damaged Product,141.01,Yes,Current
1050,1889,702,33,2025-08-19,Size Issue,180.46,Yes,Current
1051,11765,412,96,2025-11-23,Delivery Delay,42.25,Yes,Future
1052,11102,254,4,2025-12-08,Changed Mind,118.05,No,Future
1053,10213,130,31,2024-11-06,Delivery Delay,62.2,Yes,Current
1054,7848,29,88,2025-09-20,Size Issue,29.48,No,Future
1055,7822,947,35,2025-12-13,Size Issue,34.29,No,Future
1056,2704,749,10,2025-07-12,Size Issue,66.37,Yes,Current
1057,11505,338,52,2025-01-17,Size Issue,20.0,No,Current
1058,7379,967,27,2025-06-14,Size Issue,138.53,Yes,Future
1059,8033,992,4,2024-05-11,Damaged Product,124.4,Yes,Current
1060,6414,555,99,2025-12-22,Damaged Product,153.71,No,Future
1061,3238,365,21,2025-10-15,Delivery Delay,43.91,Yes,Current
1062,7757,218,74,2025-12-19,Changed Mind,90.01,Yes,Future
1063,8935,985,103,2025-11-22,Size Issue,101.6,Yes,Future
1064,2885,347,17,2025-10-22,Damaged Product,140.07,Yes,Current
1065,4242,107,34,2025-05-26,Delivery Delay,108.31,Yes,Current
1066,8834,406,72,2025-11-29,Size Issue,108.89,Yes,Current
1067,980,449,19,2025-12-09,Size Issue,101.94,Yes,Current
1068,10634,146,64,2025-06-16,Wrong Item,93.67,Yes,Current
1069,11886,837,14,2025-09-27,Damaged Product,59.7,Yes,Current
1070,5362,321,97,2025-09-16,Delivery Delay,48.82,Yes,Current
1071,9136,94,112,2025-09-16,Delivery Delay,161.02,No,Future
1072,5194,37,24,2025-07-03,Delivery Delay,108.88,Yes,Current
1073,5676,71,24,2025-10-11,Damaged Product,110.68,No,Current
1074,2622,630,79,2025-11-25,Wrong Item,147.13,Yes,Future
1075,5383,476,3,2025-12-07,Changed Mind,130.44,No,Current
1076,9136,94,112,2024-08-20,Size Issue,120.58,No,Future
1077,8995,940,44,2025-12-23,Damaged Product,80.01,Yes,Current
1078,3117,504,60,2025-04-02,Size Issue,107.17,Yes,Current
1079,2688,665,33,2025-12-07,Delivery Delay,165.58,Yes,Future
1080,1118,605,37,2025-02-14,Wrong Item,135.61,No,Future
1081,7323,171,105,2025-05-21,Size Issue,39.54,Yes,Current
1082,335,979,91,2024-08-30,Delivery Delay,69.13,No,Future
1083,9337,44,65,2025-01-18,Delivery Delay,67.15,No,Current
1084,9975,255,23,2025-03-23,Damaged Product,87.22,No,Future
1085,1921,895,20,2025-12-01,Delivery Delay,88.85,Yes,Current
1086,1968,767,93,2025-08-24,Damaged Product,110.84,No,Current
1087,8582,307,94,2025-09-11,Delivery Delay,42.03,Yes,Current
1088,10914,567,37,2025-10-13,Damaged Product,106.11,Yes,Future
1089,6001,649,103,2025-10-11,Changed Mind,82.14,No,Future
1090,6181,887,65,2025-12-19,Changed Mind,51.59,No,Current
1091,10714,272,102,2025-12-01,Damaged Product,58.51,Yes,Current
1092,5541,480,90,2025-07-02,Damaged Product,76.71,Yes,Current
1093,11648,862,56,2025-09-28,Delivery Delay,135.3,No,Current
1094,5214,505,53,2025-12-28,Wrong Item,100.67,No,Current
1095,4655,483,100,2025-12-18,Delivery Delay,64.57,Yes,Current
1096,11682,936,111,2025-03-08,Delivery Delay,137.06,Yes,Current
1097,3551,343,18,2025-07-07,Size Issue,51.5,No,Current
1098,9277,771,80,2025-12-23,Size Issue,117.01,Yes,Future
1099,7877,964,104,2025-11-14,Size Issue,117.15,No,Future
1100,9789,728,104,2024-02-17,Size Issue,112.31,Yes,Future
1101,2296,382,34,2024-10-11,Delivery Delay,88.66,Yes,Current
1102,2498,726,90,2024-11-18,Wrong Item,72.87,Yes,Current
1103,11799,809,81,2025-12-14,Changed Mind,93.04,No,Future
1104,7099,351,75,2024-12-13,Changed Mind,82.98,Yes,Future
1105,3669,928,115,2025-09-03,Wrong Item,117.72,Yes,Current
1106,10292,741,25,2025-08-31,Damaged Product,26.81,Yes,Current
1107,3527,724,45,2025-02-10,Changed Mind,26.05,Yes,Future
1108,11113,843,6,2024-06-15,Wrong Item,124.14,No,Current
1109,3268,960,37,2025-09-13,Changed Mind,99.86,Yes,Future
1110,2108,44,47,2025-01-05,Delivery Delay,126.87,Yes,Current
1111,4276,769,37,2025-06-29,Size Issue,138.99,No,Future
1112,3809,133,61,2025-07-25,Damaged Product,66.05,No,Current
1113,9395,62,85,2025-07-04,Damaged Product,109.24,No,Current
1114,2721,867,35,2025-09-06,Size Issue,32.02,Yes,Future
1115,1430,63,117,2025-10-17,Size Issue,118.1,No,Current
1116,2811,171,67,2025-04-22,Size Issue,198.2,Yes,Current
1117,842,759,66,2025-09-16,Size Issue,100.53,Yes,Current
1118,8510,812,49,2025-08-29,Size Issue,114.11,No,Current
1119,4488,614,5,2025-10-28,Delivery Delay,118.08,Yes,Current
1120,4617,409,16,2025-05-18,Delivery Delay,82.74,No,Current
1121,9770,181,53,2024-08-13,Delivery Delay,84.78,No,Current
1122,1111,533,64,2025-10-03,Damaged Product,77.5,Yes,Current
1123,6375,287,43,2025-07-05,Changed Mind,111.31,Yes,Current
1124,10678,549,119,2025-10-25,Changed Mind,20.03,Yes,Current
1125,4081,952,50,2025-09-01,Size Issue,94.71,Yes,Future
1126,4961,464,10,2025-01-31,Delivery Delay,60.56,Yes,Current
1127,741,844,82,2024-10-31,Size Issue,105.12,No,Future
1128,7091,411,63,2025-11-13,Wrong Item,37.56,Yes,Current
1129,119,284,90,2025-10-24,Size Issue,72.99,Yes,Current
1130,9070,779,77,2025-03-12,Changed Mind,110.09,No,Future
1131,2154,163,27,2024-11-19,Size Issue,116.65,Yes,Future
1132,11181,166,76,2025-05-04,Wrong Item,111.98,Yes,Future
1133,6549,68,60,2025-08-09,Size Issue,121.35,No,Current
1134,5238,866,55,2024-10-01,Delivery Delay,74.13,No,Future
1135,9747,145,26,2025-09-19,Delivery Delay,117.53,No,Current
1136,8300,736,76,2025-09-20,Wrong Item,114.64,Yes,Current
1137,5939,716,93,2025-09-22,Wrong Item,95.98,Yes,Current
1138,1958,174,50,2025-09-28,Damaged Product,95.01,Yes,Current
1139,6608,894,7,2025-11-26,Delivery Delay,138.59,Yes,Current
1140,3425,404,103,2025-05-05,Wrong Item,84.16,Yes,Current
1141,593,406,118,2025-08-23,Delivery Delay,157.38,No,Current
1142,649,898,105,2024-10-10,Changed Mind,32.83,Yes,Current
1143,5265,814,33,2025-08-08,Wrong Item,187.29,Yes,Current
1144,1510,190,90,2024-12-12,Changed Mind,68.01,Yes,Future
1145,9058,186,112,2025-12-25,Wrong Item,127.6,No,Future
1146,5307,651,4,2025-10-03,Wrong Item,121.45,No,Current
1147,6827,430,13,2024-07-26,Size Issue,104.66,Yes,Future
1148,2677,934,79,2025-06-26,Damaged Product,136.1,Yes,Current
1149,10678,549,119,2024-04-05,Damaged Product,20.09,Yes,Current
1150,7650,169,115,2025-11-01,Delivery Delay,107.84,No,Current
1151,8682,703,110,2025-01-02,Size Issue,124.91,Yes,Current
1152,4764,748,41,2025-11-06,Damaged Product,89.46,Yes,Future
1153,2774,550,111,2025-10-20,Damaged Product,136.28,No,Current
1154,420,413,1,2025-07-27,Wrong Item,119.7,Yes,Current
1155,11091,863,104,2025-07-16,Delivery Delay,134.69,Yes,Future
1156,1145,12,90,2025-06-28,Delivery Delay,74.76,Yes,Future
1157,6344,83,51,2025-10-06,Wrong Item,99.97,Yes,Current
1158,3531,838,25,2025-12-27,Delivery Delay,24.28,Yes,Current
1159,4888,695,89,2025-07-09,Changed Mind,128.36,Yes,Current
1160,1102,117,50,2025-11-01,Damaged Product,72.25,Yes,Future
1161,2308,10,101,2025-04-25,Wrong Item,108.9,Yes,Current
1162,6195,556,84,2025-12-25,Damaged Product,95.1,No,Current
1163,8532,265,17,2025-10-14,Changed Mind,120.9,Yes,Future
1164,1871,863,84,2024-11-25,Delivery Delay,98.89,No,Current
1165,5323,664,11,2025-02-14,Changed Mind,34.67,Yes,Future
1166,9449,740,33,2025-06-05,Size Issue,177.64,Yes,Current
1167,7400,145,67,2025-10-18,Size Issue,174.45,No,Current
1168,10851,624,67,2025-08-07,Delivery Delay,171.93,Yes,Current
1169,6656,600,74,2025-11-19,Delivery Delay,109.92,Yes,Current
1170,3766,8,105,2025-12-16,Size Issue,35.78,Yes,Current
1171,9067,457,55,2025-11-11,Changed Mind,71.65,No,Current
1172,8475,221,77,2025-06-01,Wrong Item,129.03,Yes,Current
1173,9199,771,64,2025-12-25,Size Issue,93.29,No,Current
1174,11514,256,50,2025-07-02,Size Issue,93.54,No,Current
1175,11321,1,117,2025-10-29,Size Issue,117.03,No,Future
1176,3814,319,98,2025-11-20,Damaged Product,184.46,No,Current
1177,656,861,51,2025-08-13,Size Issue,78.0,No,Current
1178,11220,139,84,2025-04-02,Damaged Product,107.71,No,Current
1179,10710,242,62,2025-03-17,Delivery Delay,163.69,Yes,Current
1180,10183,413,51,2025-07-03,Delivery Delay,88.58,Yes,Current
1181,3643,585,98,2024-09-27,Wrong Item,149.2,No,Current
1182,1885,605,108,2025-12-11,Wrong Item,37.08,No,Current
1183,7722,817,103,2025-12-06,Damaged Product,89.27,Yes,Current
1184,9738,74,88,2025-10-23,Delivery Delay,34.39,No,Current
1185,740,375,9,2025-12-24,Size Issue,88.51,No,Future
1186,7375,583,32,2025-03-24,Damaged Product,137.69,Yes,Current
1187,4431,150,36,2025-11-27,Delivery Delay,146.23,Yes,Current
1188,11407,692,19,2025-11-29,Changed Mind,113.2,Yes,Future
1189,8912,568,113,2025-08-07,Damaged Product,105.22,Yes,Current
1190,6282,906,8,2024-12-27,Wrong Item,54.28,Yes,Current
1191,3108,839,72,2025-05-28,Delivery Delay,112.52,No,Current
1192,11146,77,80,2025-10-02,Size Issue,97.81,No,Future
1193,4054,319,54,2025-12-26,Size Issue,98.42,No,Future
1194,7088,245,88,2025-10-09,Damaged Product,36.64,No,Current
1195,5409,256,96,2024-12-05,Damaged Product,36.07,Yes,Current
1196,2167,632,70,2025-08-18,Size Issue,91.9,Yes,Future
1197,11636,484,31,2024-10-31,Changed Mind,51.97,Yes,Future
1198,5164,166,49,2025-08-19,Delivery Delay,105.07,No,Current
1199,4702,22,94,2025-12-27,Changed Mind,50.26,No,Current
1200,9694,203,102,2025-09-29,Damaged Product,63.52,Yes,Current
1201,9564,21,113,2024-01-21,Delivery Delay,96.86,Yes,Current
1202,8980,5,29,2025-11-22,Changed Mind,107.03,Yes,Future
1203,8900,209,88,2025-05-17,Damaged Product,31.75,Yes,Future
1204,11923,438,43,2025-06-23,Delivery Delay,92.06,No,Current
1205,7178,232,76,2025-12-16,Damaged Product,106.06,No,Current
1206,5305,954,96,2025-09-20,Size Issue,43.68,Yes,Current
1207,7101,500,116,2024-09-02,Delivery Delay,143.28,No,Current
1208,2436,523,85,2025-08-20,Size Issue,130.41,Yes,Current
1209,2198,925,55,2025-12-16,Delivery Delay,65.59,Yes,Current
1210,4656,365,89,2025-12-02,Damaged Product,143.62,Yes,Current
1211,6791,123,98,2025-06-23,Delivery Delay,187.42,Yes,Current
1212,11132,206,90,2024-10-06,Changed Mind,79.07,Yes,Current
1213,11191,86,3,2025-11-13,Size Issue,139.87,Yes,Current
1214,5550,379,103,2025-10-06,Wrong Item,92.85,Yes,Current
1215,767,75,88,2025-08-16,Delivery Delay,32.11,Yes,Current
1216,10274,667,49,2025-06-23,Wrong Item,126.37,Yes,Current
1217,11445,430,80,2025-10-16,Damaged Product,96.44,Yes,Current
1218,5767,963,34,2025-12-18,Changed Mind,97.55,Yes,Future
1219,4934,889,78,2025-10-16,Delivery Delay,56.11,No,Current
1220,5657,561,116,2024-11-16,Delivery Delay,117.24,Yes,Future
1221,9788,123,81,2025-12-14,Changed Mind,82.72,Yes,Current
1222,859,99,97,2025-05-31,Wrong Item,43.53,No,Current
1223,36,325,70,2025-02-26,Wrong Item,98.31,No,Future
1224,5602,169,86,2024-09-14,Delivery Delay,75.16,No,Current
1225,9585,389,120,2024-11-17,Delivery Delay,39.14,Yes,Current
1226,2516,522,74,2025-12-21,Delivery Delay,106.49,No,Future
1227,194,798,36,2025-09-29,Size Issue,129.37,Yes,Current
1228,9111,42,103,2025-12-02,Changed Mind,94.1,No,Current
1229,8563,629,10,2025-10-24,Delivery Delay,65.28,No,Current
1230,1617,62,79,2025-03-20,Size Issue,129.52,No,Current
1231,11910,450,113,2025-04-17,Size Issue,112.6,Yes,Future
1232,10700,958,112,2025-09-02,Changed Mind,148.62,Yes,Future
1233,10870,358,103,2024-07-29,Damaged Product,80.09,Yes,Current
1234,354,916,114,2024-11-18,Damaged Product,80.52,Yes,Future
1235,11919,622,45,2024-06-21,Changed Mind,24.74,No,Current
1236,11227,663,13,2025-10-26,Delivery Delay,82.16,No,Current
1237,16,610,19,2025-12-13,Size Issue,92.52,No,Future
1238,9497,829,100,2025-12-03,Size Issue,76.49,Yes,Current
1239,9028,522,45,2025-09-18,Size Issue,20.84,No,Current
1240,3618,993,118,2025-09-17,Delivery Delay,126.94,Yes,Current
1241,7800,399,32,2025-10-23,Wrong Item,128.8,Yes,Current
1242,3055,600,91,2025-02-25,Size Issue,70.28,Yes,Current
1243,2478,766,92,2025-12-11,Size Issue,32.94,Yes,Future
1244,11677,22,27,2025-12-10,Changed Mind,107.72,No,Current
1245,5436,550,16,2025-12-24,Delivery Delay,85.68,Yes,Current
1246,3012,716,85,2025-07-05,Wrong Item,124.34,Yes,Current
1247,5355,406,65,2025-12-01,Delivery Delay,66.89,Yes,Future
1248,5085,591,51,2024-06-28,Damaged Product,78.98,Yes,Current
1249,1777,358,115,2025-01-07,Wrong Item,113.45,No,Future
1250,304,878,43,2025-03-03,Size Issue,98.94,No,Future
1251,7913,364,84,2024-07-09,Changed Mind,91.02,Yes,Current
1252,4636,21,1,2025-12-27,Wrong Item,95.71,Yes,Current
1253,9497,829,100,2025-11-20,Wrong Item,87.82,Yes,Current
1254,7695,474,37,2025-12-07,Size Issue,114.59,No,Current
1255,4116,676,24,2025-10-05,Changed Mind,131.38,No,Current
1256,11187,777,116,2025-10-25,Changed Mind,131.79,Yes,Current
1257,5972,389,43,2025-01-27,Changed Mind,99.96,No,Future
1258,8596,856,19,2025-08-21,Delivery Delay,104.26,No,Current
1259,9701,217,43,2025-03-11,Damaged Product,106.33,Yes,Current
1260,9887,951,12,2025-05-31,Delivery Delay,176.31,No,Current
1261,2568,977,4,2025-09-16,Delivery Delay,105.22,Yes,Current
1262,4023,948,26,2025-11-02,Size Issue,111.71,No,Current
1263,8350,577,97,2025-08-27,Delivery Delay,49.6,Yes,Future
1264,3751,264,91,2025-05-30,Delivery Delay,76.0,Yes,Current
1265,4963,102,7,2025-06-20,Size Issue,165.95,No,Future
1266,10256,562,99,2025-10-20,Damaged Product,147.11,Yes,Current
1267,6182,514,21,2025-06-01,Changed Mind,39.23,Yes,Current
1268,10110,634,72,2024-06-21,Delivery Delay,130.16,Yes,Current
1269,1585,268,62,2025-08-01,Damaged Product,168.2,Yes,Current
1270,7798,667,5,2025-09-20,Size Issue,109.32,Yes,Current
1271,6448,170,11,2025-03-02,Delivery Delay,30.72,No,Current
1272,6669,565,29,2025-06-16,Delivery Delay,109.59,Yes,Future
1273,7788,814,110,2024-04-22,Wrong Item,137.3,No,Current
1274,11608,958,120,2025-09-20,Wrong Item,34.21,No,Current
1275,266,754,7,2024-11-02,Damaged Product,149.78,No,Current
1276,5091,858,109,2025-02-21,Size Issue,61.59,Yes,Future
1277,2072,348,87,2024-08-15,Wrong Item,62.32,Yes,Future
1278,6369,169,30,2025-11-12,Damaged Product,26.3,No,Current
1279,2237,472,39,2025-09-28,Delivery Delay,127.25,Yes,Current
1280,2363,105,8,2025-11-21,Size Issue,49.52,No,Future
1281,1958,174,50,2025-12-04,Delivery Delay,78.89,No,Current
1282,6599,728,63,2025-11-10,Changed Mind,49.55,Yes,Current
1283,5513,498,43,2024-12-10,Size Issue,105.52,No,Current
1284,1819,147,27,2025-02-11,Delivery Delay,128.54,Yes,Current
1285,4608,139,39,2025-05-20,Delivery Delay,125.14,No,Current
1286,3924,11,116,2025-12-27,Size Issue,124.81,Yes,Future
1287,3741,276,85,2025-09-11,Size Issue,128.28,Yes,Current
1288,4335,173,24,2025-08-03,Changed Mind,109.13,Yes,Future
1289,10418,545,92,2025-01-10,Delivery Delay,36.39,Yes,Current
1290,11793,930,9,2025-12-27,Size Issue,94.17,Yes,Future
1291,5916,892,78,2025-04-15,Wrong Item,55.44,Yes,Current
1292,3017,467,76,2025-05-02,Delivery Delay,123.25,No,Current
1293,464,38,95,2024-10-08,Delivery Delay,153.03,Yes,Current
1294,9,846,23,2025-10-21,Size Issue,84.57,No,Future
1295,656,861,51,2025-01-10,Damaged Product,106.79,Yes,Current
1296,3679,545,12,2025-02-28,Delivery Delay,132.39,Yes,Current
1297,6408,459,39,2025-07-04,Size Issue,124.35,Yes,Future
1298,1968,767,93,2025-11-24,Damaged Product,115.53,No,Current
1299,7576,339,7,2025-06-13,Damaged Product,135.7,Yes,Current
1300,2588,13,33,2025-11-03,Delivery Delay,168.86,Yes,Current
1301,10104,581,40,2025-08-13,Changed Mind,26.11,Yes,Current
1302,3948,90,17,2025-07-11,Delivery Delay,132.35,Yes,Current
1303,9615,116,17,2024-08-15,Size Issue,110.65,Yes,Current
1304,2359,718,101,2025-10-23,Size Issue,122.6,No,Future
1305,7767,457,12,2025-05-20,Changed Mind,157.42,Yes,Future
1306,6782,278,109,2025-12-29,Wrong Item,46.65,Yes,Current
1307,4061,607,68,2025-05-18,Damaged Product,73.82,Yes,Current
1308,2405,32,68,2025-10-16,Delivery Delay,67.02,No,Current
1309,781,284,44,2025-12-30,Size Issue,102.42,Yes,Future
1310,2075,96,84,2025-09-10,Changed Mind,105.22,No,Future
1311,2001,45,94,2025-10-13,Changed Mind,48.06,No,Future
1312,11367,104,6,2025-12-12,Size Issue,89.61,No,Current
1313,3016,157,85,2025-07-28,Damaged Product,99.67,No,Future
1314,1524,767,103,2025-01-27,Size Issue,88.44,No,Future
1315,9914,622,13,2025-11-03,Size Issue,88.32,No,Current
1316,7257,756,70,2024-11-19,Damaged Product,89.19,No,Current
1317,600,527,109,2025-03-25,Size Issue,65.22,No,Future
1318,5870,521,116,2025-11-13,Changed Mind,135.15,Yes,Current
1319,3582,124,61,2025-11-05,Delivery Delay,68.41,No,Current
1320,7852,346,42,2025-12-28,Changed Mind,64.61,No,Future
1321,3355,75,74,2025-10-10,Changed Mind,111.62,No,Future
1322,6314,870,37,2024-06-27,Delivery Delay,102.89,Yes,Current
1323,5307,651,4,2025-10-28,Damaged Product,111.7,No,Current
1324,621,102,84,2025-01-12,Size Issue,80.24,No,Current
1325,10922,59,8,2024-10-30,Damaged Product,47.36,Yes,Current
1326,1419,383,24,2025-09-08,Damaged Product,136.39,Yes,Current
1327,11071,623,61,2025-12-13,Size Issue,60.52,Yes,Future
1328,6246,48,45,2025-12-08,Delivery Delay,24.03,No,Current
1329,3968,603,84,2025-08-11,Damaged Product,78.95,Yes,Current
1330,8158,109,83,2025-11-02,Delivery Delay,60.29,Yes,Future
1331,11802,791,62,2025-12-30,Size Issue,174.08,Yes,Current
1332,1978,262,35,2025-10-25,Size Issue,39.0,No,Future
1333,6153,932,79,2025-03-23,Size Issue,174.4,No,Future
1334,6082,513,86,2025-11-11,Size Issue,102.35,Yes,Current
1335,2635,616,66,2025-05-08,Delivery Delay,80.26,Yes,Future
1336,8092,836,50,2025-04-29,Size Issue,76.84,Yes,Future
1337,5440,507,45,2025-11-17,Damaged Product,22.55,No,Future
1338,3510,944,21,2025-10-12,Changed Mind,34.29,Yes,Current
1339,7455,193,42,2025-12-30,Size Issue,54.88,Yes,Future
1340,10002,860,6,2025-11-05,Wrong Item,90.96,Yes,Future
1341,9256,530,10,2024-12-08,Size Issue,70.01,Yes,Current
1342,225,828,22,2025-12-26,Size Issue,100.06,Yes,Future
1343,5193,330,50,2025-12-04,Size Issue,78.26,No,Future
1344,11996,963,81,2025-08-05,Damaged Product,94.56,No,Current
1345,8447,48,58,2024-10-27,Damaged Product,91.88,Yes,Current
1346,11705,152,27,2025-12-28,Changed Mind,124.46,No,Future
1347,2984,118,109,2025-07-24,Delivery Delay,46.68,Yes,Future
1348,9267,902,44,2024-10-22,Size Issue,77.41,Yes,Future
1349,8328,127,37,2025-12-30,Delivery Delay,139.74,Yes,Current
1350,88,121,80,2025-11-23,Size Issue,85.66,No,Future
1351,5717,433,75,2024-11-04,Damaged Product,102.97,No,Current
1352,8182,928,35,2025-07-14,Damaged Product,29.07,No,Current
1353,10576,582,22,2024-08-21,Damaged Product,114.78,Yes,Current
1354,6165,791,108,2025-07-29,Size Issue,47.5,Yes,Future
1355,1522,458,88,2025-02-25,Size Issue,35.01,Yes,Current
1356,3154,132,38,2025-10-04,Delivery Delay,80.31,Yes,Current
1357,8115,982,116,2025-05-05,Delivery Delay,122.47,Yes,Current
1358,4553,187,94,2025-12-27,Damaged Product,47.75,No,Future
1359,11060,629,93,2025-12-08,Delivery Delay,84.09,Yes,Current
1360,10874,358,99,2025-07-22,Delivery Delay,170.6,Yes,Current
1361,10223,895,31,2025-10-25,Wrong Item,48.36,Yes,Current
1362,1907,309,25,2025-11-02,Size Issue,26.3,No,Current
1363,8146,240,105,2025-04-10,Delivery Delay,39.68,Yes,Current
1364,11364,301,1,2025-06-14,Size Issue,91.86,Yes,Current
1365,307,353,57,2025-11-25,Damaged Product,128.28,No,Current
1366,8753,841,39,2025-07-11,Size Issue,110.94,No,Future
1367,8979,887,2,2025-10-19,Damaged Product,179.66,Yes,Future
1368,9714,724,107,2025-10-01,Delivery Delay,35.72,No,Current
1369,6882,735,14,2025-10-22,Wrong Item,82.23,No,Current
1370,282,824,11,2025-07-03,Wrong Item,36.45,No,Current
1371,494,898,113,2025-05-13,Damaged Product,87.18,No,Current
1372,5143,173,82,2025-11-17,Changed Mind,110.97,Yes,Future
1373,7901,16,20,2024-10-27,Wrong Item,74.38,Yes,Current
1374,5523,121,103,2025-10-10,Size Issue,80.78,Yes,Future
1375,7601,288,104,2025-09-28,Size Issue,121.0,Yes,Future
1376,2147,352,75,2025-07-29,Delivery Delay,103.6,No,Current
1377,9740,234,41,2025-11-08,Wrong Item,82.49,Yes,Future
1378,10456,520,77,2024-11-26,Size Issue,109.78,Yes,Current
1379,2264,503,92,2025-11-25,Delivery Delay,33.64,No,Current
1380,4916,635,112,2025-07-28,Changed Mind,129.52,No,Future
1381,5163,57,41,2025-11-24,Size Issue,108.85,Yes,Current
1382,7786,347,48,2025-01-10,Size Issue,86.21,No,Future
1383,10683,536,104,2025-04-20,Size Issue,142.74,No,Future
1384,10132,988,86,2024-03-20,Delivery Delay,91.71,Yes,Future
1385,1714,210,32,2025-05-17,Size Issue,174.46,No,Future
1386,10274,667,49,2025-09-15,Delivery Delay,101.48,Yes,Current
1387,1890,992,99,2025-08-02,Size Issue,156.67,Yes,Future
1388,3968,603,84,2025-08-30,Wrong Item,102.61,No,Current
1389,5566,817,67,2025-12-11,Wrong Item,165.07,No,Current
1390,987,114,119,2025-12-22,Size Issue,20.0,Yes,Future
1391,615,902,116,2025-11-01,Wrong Item,129.52,No,Current
1392,10411,599,98,2025-07-13,Size Issue,181.28,No,Current
1393,2826,528,64,2025-06-26,Wrong Item,74.95,No,Current
1394,6114,528,85,2025-08-21,Size Issue,123.84,Yes,Current
1395,2630,76,103,2025-02-11,Delivery Delay,93.78,No,Current
1396,7686,60,104,2025-08-04,Wrong Item,136.47,Yes,Current
1397,358,729,22,2025-04-22,Delivery Delay,91.48,No,Current
1398,10865,208,36,2024-08-21,Damaged Product,140.05,Yes,Current
1399,7940,415,107,2025-05-07,Wrong Item,41.77,Yes,Current
1400,5886,244,74,2025-12-25,Size Issue,92.8,Yes,Future
