scorecard_id,supplier_id,scorecard_month,on_time_delivery_rate,avg_lead_time_days,defect_rate,supplier_score,scenario_phase
1,1,2025-01-01,73,58,4,60,Current
2,1,2025-02-01,69,63,10,60,Current
3,1,2025-03-01,69,58,9,64,Current
4,1,2025-04-01,72,59,5,64,Current
5,1,2025-05-01,69,62,7,56,Current
6,1,2025-06-01,70,63,7,61,Current
7,1,2025-07-01,70,56,10,61,Current
8,1,2025-08-01,81,53,5,67,Future
9,1,2025-09-01,80,48,5,68,Future
10,1,2025-10-01,81,53,4,70,Future
11,1,2025-11-01,79,48,4,68,Future
12,1,2025-12-01,77,53,4,70,Future
13,2,2025-01-01,62,49,6,72,Current
14,2,2025-02-01,67,48,5,69,Current
15,2,2025-03-01,67,50,9,67,Current
16,2,2025-04-01,62,54,6,73,Current
17,2,2025-05-01,62,50,7,67,Current
18,2,2025-06-01,65,54,10,70,Current
19,2,2025-07-01,65,53,7,71,Current
20,2,2025-08-01,69,41,1,80,Future
21,2,2025-09-01,72,43,3,77,Future
22,2,2025-10-01,72,45,3,77,Future
23,2,2025-11-01,72,39,3,77,Future
24,2,2025-12-01,72,43,2,75,Future
25,3,2025-01-01,76,53,8,70,Current
26,3,2025-02-01,76,52,5,69,Current
27,3,2025-03-01,82,54,8,70,Current
28,3,2025-04-01,78,54,9,76,Current
29,3,2025-05-01,76,58,7,77,Current
30,3,2025-06-01,81,56,7,76,Current
31,3,2025-07-01,78,57,3,73,Current
32,3,2025-08-01,87,45,4,84,Future
33,3,2025-09-01,83,43,4,82,Future
34,3,2025-10-01,86,46,4,84,Future
35,3,2025-11-01,86,45,1,84,Future
36,3,2025-12-01,83,47,5,83,Future
37,4,2025-01-01,81,54,5,71,Current
38,4,2025-02-01,79,55,7,71,Current
39,4,2025-03-01,79,56,6,71,Current
40,4,2025-04-01,78,53,9,68,Current
41,4,2025-05-01,80,51,3,72,Current
42,4,2025-06-01,82,51,8,74,Current
43,4,2025-07-01,81,55,8,68,Current
44,4,2025-08-01,87,42,4,79,Future
45,4,2025-09-01,87,45,1,78,Future
46,4,2025-10-01,85,46,3,82,Future
47,4,2025-11-01,83,46,1,81,Future
48,4,2025-12-01,83,40,2,80,Future
49,5,2025-01-01,61,61,6,48,Current
50,5,2025-02-01,65,62,6,49,Current
51,5,2025-03-01,61,62,7,50,Current
52,5,2025-04-01,62,62,8,48,Current
53,5,2025-05-01,64,59,3,51,Current
54,5,2025-06-01,63,60,5,53,Current
55,5,2025-07-01,65,61,6,47,Current
56,5,2025-08-01,72,52,5,59,Future
57,5,2025-09-01,68,51,4,59,Future
58,5,2025-10-01,69,49,1,60,Future
59,5,2025-11-01,70,53,3,62,Future
60,5,2025-12-01,71,48,5,60,Future
61,6,2025-01-01,92,36,5,82,Current
62,6,2025-02-01,94,36,7,83,Current
63,6,2025-03-01,91,35,7,83,Current
64,6,2025-04-01,91,31,4,80,Current
65,6,2025-05-01,91,29,4,78,Current
66,6,2025-06-01,93,35,5,81,Current
67,6,2025-07-01,89,34,4,76,Current
68,6,2025-08-01,98,20,5,90,Future
69,6,2025-09-01,95,23,3,86,Future
70,6,2025-10-01,95,21,4,87,Future
71,6,2025-11-01,95,22,3,91,Future
72,6,2025-12-01,98,22,1,88,Future
73,7,2025-01-01,86,37,4,87,Current
74,7,2025-02-01,89,33,9,88,Current
75,7,2025-03-01,85,38,5,82,Current
76,7,2025-04-01,87,38,8,89,Current
77,7,2025-05-01,92,40,4,88,Current
78,7,2025-06-01,91,36,8,82,Current
79,7,2025-07-01,92,36,7,86,Current
80,7,2025-08-01,97,27,4,92,Future
81,7,2025-09-01,93,28,2,96,Future
82,7,2025-10-01,95,27,2,91,Future
83,7,2025-11-01,95,28,4,92,Future
84,7,2025-12-01,96,28,3,92,Future
85,8,2025-01-01,92,31,3,77,Current
86,8,2025-02-01,90,25,7,77,Current
87,8,2025-03-01,95,24,3,72,Current
88,8,2025-04-01,90,25,3,72,Current
89,8,2025-05-01,88,24,7,74,Current
90,8,2025-06-01,90,26,4,78,Current
91,8,2025-07-01,91,31,9,71,Current
92,8,2025-08-01,96,20,3,80,Future
93,8,2025-09-01,96,19,1,81,Future
94,8,2025-10-01,98,18,4,85,Future
95,8,2025-11-01,98,16,3,83,Future
96,8,2025-12-01,98,16,5,83,Future
97,9,2025-01-01,89,37,10,81,Current
98,9,2025-02-01,93,34,7,80,Current
99,9,2025-03-01,94,32,5,80,Current
100,9,2025-04-01,92,34,4,74,Current
101,9,2025-05-01,94,31,7,80,Current
102,9,2025-06-01,89,33,5,75,Current
103,9,2025-07-01,94,38,4,78,Current
104,9,2025-08-01,98,23,1,86,Future
105,9,2025-09-01,97,22,3,87,Future
106,9,2025-10-01,97,24,3,89,Future
107,9,2025-11-01,96,26,3,86,Future
108,9,2025-12-01,98,23,1,86,Future
109,10,2025-01-01,89,22,9,80,Current
110,10,2025-02-01,88,22,7,76,Current
111,10,2025-03-01,92,22,4,77,Current
112,10,2025-04-01,85,23,7,76,Current
113,10,2025-05-01,86,25,5,72,Current
114,10,2025-06-01,92,22,5,74,Current
115,10,2025-07-01,89,24,3,80,Current
116,10,2025-08-01,94,14,1,84,Future
117,10,2025-09-01,94,14,3,85,Future
118,10,2025-10-01,96,16,4,88,Future
119,10,2025-11-01,93,14,3,87,Future
120,10,2025-12-01,96,14,4,83,Future
121,11,2025-01-01,71,68,4,65,Current
122,11,2025-02-01,74,63,8,65,Current
123,11,2025-03-01,69,68,10,66,Current
124,11,2025-04-01,72,63,6,62,Current
125,11,2025-05-01,70,63,9,62,Current
126,11,2025-06-01,68,62,9,71,Current
127,11,2025-07-01,72,62,10,69,Current
128,11,2025-08-01,77,58,4,78,Future
129,11,2025-09-01,77,56,1,74,Future
130,11,2025-10-01,76,58,5,75,Future
131,11,2025-11-01,79,53,4,76,Future
132,11,2025-12-01,76,53,2,74,Future
133,12,2025-01-01,79,34,10,65,Current
134,12,2025-02-01,78,38,5,65,Current
135,12,2025-03-01,73,35,7,63,Current
136,12,2025-04-01,74,34,3,62,Current
137,12,2025-05-01,74,37,6,66,Current
138,12,2025-06-01,75,36,10,66,Current
139,12,2025-07-01,73,34,8,62,Current
140,12,2025-08-01,83,25,4,70,Future
141,12,2025-09-01,84,26,1,68,Future
142,12,2025-10-01,80,22,5,69,Future
143,12,2025-11-01,83,24,2,69,Future
144,12,2025-12-01,80,23,5,69,Future
145,13,2025-01-01,69,64,4,65,Current
146,13,2025-02-01,71,67,6,69,Current
147,13,2025-03-01,69,66,8,63,Current
148,13,2025-04-01,75,66,8,62,Current
149,13,2025-05-01,74,68,8,70,Current
150,13,2025-06-01,70,67,10,65,Current
151,13,2025-07-01,73,67,8,69,Current
152,13,2025-08-01,79,60,2,77,Future
153,13,2025-09-01,79,59,3,75,Future
154,13,2025-10-01,77,58,2,76,Future
155,13,2025-11-01,80,57,4,76,Future
156,13,2025-12-01,80,56,5,76,Future
157,14,2025-01-01,83,37,5,91,Current
158,14,2025-02-01,85,36,3,89,Current
159,14,2025-03-01,84,34,8,91,Current
160,14,2025-04-01,80,37,8,90,Current
161,14,2025-05-01,84,37,9,89,Current
162,14,2025-06-01,84,36,3,90,Current
163,14,2025-07-01,83,34,7,94,Current
164,14,2025-08-01,89,23,4,98,Future
165,14,2025-09-01,90,28,1,98,Future
166,14,2025-10-01,87,24,2,98,Future
167,14,2025-11-01,90,23,4,98,Future
168,14,2025-12-01,86,22,1,98,Future
169,15,2025-01-01,84,39,6,76,Current
170,15,2025-02-01,89,39,9,81,Current
171,15,2025-03-01,83,39,4,80,Current
172,15,2025-04-01,84,34,8,83,Current
173,15,2025-05-01,86,38,10,76,Current
174,15,2025-06-01,90,34,8,81,Current
175,15,2025-07-01,90,37,4,81,Current
176,15,2025-08-01,95,27,4,86,Future
177,15,2025-09-01,94,25,3,86,Future
178,15,2025-10-01,92,25,1,88,Future
179,15,2025-11-01,91,23,2,87,Future
180,15,2025-12-01,91,29,3,85,Future
181,16,2025-01-01,81,25,4,78,Current
182,16,2025-02-01,83,19,8,80,Current
183,16,2025-03-01,82,18,5,83,Current
184,16,2025-04-01,80,20,3,75,Current
185,16,2025-05-01,78,22,4,82,Current
186,16,2025-06-01,84,22,7,81,Current
187,16,2025-07-01,84,18,8,81,Current
188,16,2025-08-01,85,14,2,85,Future
189,16,2025-09-01,87,14,2,88,Future
190,16,2025-10-01,85,14,3,88,Future
191,16,2025-11-01,85,14,5,88,Future
192,16,2025-12-01,88,14,4,90,Future
193,17,2025-01-01,66,42,4,68,Current
194,17,2025-02-01,65,38,8,69,Current
195,17,2025-03-01,65,42,5,64,Current
196,17,2025-04-01,72,38,8,72,Current
197,17,2025-05-01,66,40,10,71,Current
198,17,2025-06-01,70,41,6,71,Current
199,17,2025-07-01,68,41,3,70,Current
200,17,2025-08-01,73,28,1,78,Future
201,17,2025-09-01,77,28,3,79,Future
202,17,2025-10-01,75,29,4,79,Future
203,17,2025-11-01,75,26,5,76,Future
204,17,2025-12-01,76,30,4,75,Future
205,18,2025-01-01,58,68,9,54,Current
206,18,2025-02-01,57,66,3,49,Current
207,18,2025-03-01,64,69,4,46,Current
208,18,2025-04-01,64,64,7,53,Current
209,18,2025-05-01,57,67,5,50,Current
210,18,2025-06-01,62,62,5,53,Current
211,18,2025-07-01,59,62,3,50,Current
212,18,2025-08-01,66,55,5,58,Future
213,18,2025-09-01,68,55,1,60,Future
214,18,2025-10-01,65,55,1,58,Future
215,18,2025-11-01,68,55,2,58,Future
216,18,2025-12-01,69,59,2,60,Future
217,19,2025-01-01,78,27,4,83,Current
218,19,2025-02-01,77,32,9,80,Current
219,19,2025-03-01,81,29,6,76,Current
220,19,2025-04-01,83,29,10,82,Current
221,19,2025-05-01,80,26,9,74,Current
222,19,2025-06-01,84,28,6,78,Current
223,19,2025-07-01,79,26,5,75,Current
224,19,2025-08-01,86,22,4,86,Future
225,19,2025-09-01,86,18,1,87,Future
226,19,2025-10-01,85,23,4,85,Future
227,19,2025-11-01,86,18,2,86,Future
228,19,2025-12-01,87,18,4,86,Future
229,20,2025-01-01,75,26,7,61,Current
230,20,2025-02-01,73,25,4,62,Current
231,20,2025-03-01,73,23,10,69,Current
232,20,2025-04-01,71,26,7,67,Current
233,20,2025-05-01,71,24,6,65,Current
234,20,2025-06-01,77,26,9,64,Current
235,20,2025-07-01,73,19,8,64,Current
236,20,2025-08-01,81,14,1,77,Future
237,20,2025-09-01,81,14,2,77,Future
238,20,2025-10-01,80,14,2,73,Future
239,20,2025-11-01,80,16,4,72,Future
240,20,2025-12-01,82,15,5,74,Future
